IndicatorCategoryCode,IndicatorCategory,IndicatorCode,Indicator,ReportingEconomyCode,ReportingEconomy,PartnerEconomyCode,PartnerEconomy,ProductOrSectorClassificationCode,ProductOrSectorClassification,ProductOrSectorCode,ProductOrSector,PeriodCode,Period,FrequencyCode,Frequency,UnitCode,Unit,Year,ValueFlagCode,ValueFlag,TextValue,Value
TPM_HS,Bilateral imports,HS_M_0010,"Bilateral imports by detailed HS codes (2,4,6 digit)",840,United States of America,156,China,HS,Harmonized System,01,Live animals,A,Annual,A,Annual,USD,US$,2018,,,,44863803.0
TPM_HS,Bilateral imports,HS_M_0010,"Bilateral imports by detailed HS codes (2,4,6 digit)",840,United States of America,156,China,HS,Harmonized System,010620,Reptiles (including snakes and turtles),A,Annual,A,Annual,USD,US$,2018,,,,22263.0
TPM_HS,Bilateral imports,HS_M_0010,"Bilateral imports by detailed HS codes (2,4,6 digit)",840,United States of America,156,China,HS,Harmonized System,0106,Other live animals.,A,Annual,A,Annual,USD,US$,2018,,,,44633803.0
TPM_HS,Bilateral imports,HS_M_0010,"Bilateral imports by detailed HS codes (2,4,6 digit)",840,United States of America,156,China,HS,Harmonized System,010611,Primates,A,Annual,A,Annual,USD,US$,2018,,,,44406575.0
TPM_HS,Bilateral imports,HS_M_0010,"Bilateral imports by detailed HS codes (2,4,6 digit)",840,United States of America,156,China,HS,Harmonized System,010690,Other,A,Annual,A,Annual,USD,US$,2018,,,,33315.0
TPM_HS,Bilateral imports,HS_M_0010,"Bilateral imports by detailed HS codes (2,4,6 digit)",840,United States of America,156,China,HS,Harmonized System,02,Meat and edible meat offal,A,Annual,A,Annual,USD,US$,2018,,,,16350515.0
TPM_HS,Bilateral imports,HS_M_0010,"Bilateral imports by detailed HS codes (2,4,6 digit)",840,United States of America,156,China,HS,Harmonized System,03,"Fish and crustaceans, molluscs and other aquatic invertebrates",A,Annual,A,Annual,USD,US$,2018,,,,2018987506.0
TPM_HS,Bilateral imports,HS_M_0010,"Bilateral imports by detailed HS codes (2,4,6 digit)",840,United States of America,156,China,HS,Harmonized System,08,Edible fruit and nuts; peel of citrus fruit or melons,A,Annual,A,Annual,USD,US$,2018,,,,189469528.0
TPM_HS,Bilateral imports,HS_M_0010,"Bilateral imports by detailed HS codes (2,4,6 digit)",840,United States of America,156,China,HS,Harmonized System,10,Cereals,A,Annual,A,Annual,USD,US$,2018,,,,31127122.0
TPM_HS,Bilateral imports,HS_M_0010,"Bilateral imports by detailed HS codes (2,4,6 digit)",840,United States of America,156,China,HS,Harmonized System,16,"Preparations of meat, of fish or of crustaceans, molluscs or other aquatic invertebrates",A,Annual,A,Annual,USD,US$,2018,,,,878913396.0
TPM_HS,Bilateral imports,HS_M_0010,"Bilateral imports by detailed HS codes (2,4,6 digit)",840,United States of America,156,China,HS,Harmonized System,18,Cocoa and cocoa preparations,A,Annual,A,Annual,USD,US$,2018,,,,35228212.0
TPM_HS,Bilateral imports,HS_M_0010,"Bilateral imports by detailed HS codes (2,4,6 digit)",840,United States of America,156,China,HS,Harmonized System,20,"Preparations of vegetables, fruit, nuts or other parts of plants",A,Annual,A,Annual,USD,US$,2018,,,,1254098218.0
TPM_HS,Bilateral imports,HS_M_0010,"Bilateral imports by detailed HS codes (2,4,6 digit)",840,United States of America,156,China,HS,Harmonized System,29,Organic chemicals,A,Annual,A,Annual,USD,US$,2018,,,,9535554824.0
TPM_HS,Bilateral imports,HS_M_0010,"Bilateral imports by detailed HS codes (2,4,6 digit)",840,United States of America,156,China,HS,Harmonized System,33,"Essential oils and resinoids; perfumery, cosmetic or toilet preparations",A,Annual,A,Annual,USD,US$,2018,,,,1688243546.0
TPM_HS,Bilateral imports,HS_M_0010,"Bilateral imports by detailed HS codes (2,4,6 digit)",840,United States of America,156,China,HS,Harmonized System,34,"Soap, organic surfaceactive agents, washing preparations, lubricating preparations, artificial waxes, prepared waxes, polishing or scouring preparations, candles and similar articles, modelling pastes",A,Annual,A,Annual,USD,US$,2018,,,,538307492.0
TPM_HS,Bilateral imports,HS_M_0010,"Bilateral imports by detailed HS codes (2,4,6 digit)",840,United States of America,156,China,HS,Harmonized System,40,Rubber and articles thereof,A,Annual,A,Annual,USD,US$,2018,,,,4052727422.0
TPM_HS,Bilateral imports,HS_M_0010,"Bilateral imports by detailed HS codes (2,4,6 digit)",840,United States of America,156,China,HS,Harmonized System,43,Furskins and artificial fur; manufactures thereof,A,Annual,A,Annual,USD,US$,2018,,,,72710113.0
TPM_HS,Bilateral imports,HS_M_0010,"Bilateral imports by detailed HS codes (2,4,6 digit)",840,United States of America,156,China,HS,Harmonized System,45,Cork and articles of cork,A,Annual,A,Annual,USD,US$,2018,,,,23184012.0
TPM_HS,Bilateral imports,HS_M_0010,"Bilateral imports by detailed HS codes (2,4,6 digit)",840,United States of America,156,China,HS,Harmonized System,48,"Paper and paperboard; articles of paper pulp, of paper or of paperboard",A,Annual,A,Annual,USD,US$,2018,,,,3617726084.0
TPM_HS,Bilateral imports,HS_M_0010,"Bilateral imports by detailed HS codes (2,4,6 digit)",840,United States of America,156,China,HS,Harmonized System,49,"Printed books, newspapers, pictures and other products of the printing industry; manuscripts, typescripts and plans",A,Annual,A,Annual,USD,US$,2018,,,,2307694552.0
TPM_HS,Bilateral imports,HS_M_0010,"Bilateral imports by detailed HS codes (2,4,6 digit)",840,United States of America,156,China,HS,Harmonized System,53,Other vegetable textile fibres; paper yarn and woven fabrics of paper yarn,A,Annual,A,Annual,USD,US$,2018,,,,36120526.0
TPM_HS,Bilateral imports,HS_M_0010,"Bilateral imports by detailed HS codes (2,4,6 digit)",840,United States of America,156,China,HS,Harmonized System,55,Manmade staple fibres,A,Annual,A,Annual,USD,US$,2018,,,,474043803.0
TPM_HS,Bilateral imports,HS_M_0010,"Bilateral imports by detailed HS codes (2,4,6 digit)",840,United States of America,156,China,HS,Harmonized System,59,"Impregnated, coated, covered or laminated textile fabrics; textile articles of a kind suitable for industrial use",A,Annual,A,Annual,USD,US$,2018,,,,613337360.0
TPM_HS,Bilateral imports,HS_M_0010,"Bilateral imports by detailed HS codes (2,4,6 digit)",840,United States of America,156,China,HS,Harmonized System,65,Headgear and parts thereof,A,Annual,A,Annual,USD,US$,2018,,,,1651615732.0
TPM_HS,Bilateral imports,HS_M_0010,"Bilateral imports by detailed HS codes (2,4,6 digit)",840,United States of America,156,China,HS,Harmonized System,72,Iron and steel,A,Annual,A,Annual,USD,US$,2018,,,,651078717.0
TPM_HS,Bilateral imports,HS_M_0010,"Bilateral imports by detailed HS codes (2,4,6 digit)",840,United States of America,156,China,HS,Harmonized System,78,Lead and articles thereof,A,Annual,A,Annual,USD,US$,2018,,,,4844605.0
TPM_HS,Bilateral imports,HS_M_0010,"Bilateral imports by detailed HS codes (2,4,6 digit)",840,United States of America,156,China,HS,Harmonized System,80,Tin and articles thereof,A,Annual,A,Annual,USD,US$,2018,,,,50291772.0
TPM_HS,Bilateral imports,HS_M_0010,"Bilateral imports by detailed HS codes (2,4,6 digit)",840,United States of America,156,China,HS,Harmonized System,83,Miscellaneous articles of base metal,A,Annual,A,Annual,USD,US$,2018,,,,5667492365.0
TPM_HS,Bilateral imports,HS_M_0010,"Bilateral imports by detailed HS codes (2,4,6 digit)",840,United States of America,156,China,HS,Harmonized System,85,"Electrical machinery and equipment and parts thereof; sound recorders and reproducers, television image and sound recorders and reproducers, and parts and accessories of such articles",A,Annual,A,Annual,USD,US$,2018,,,,154698889137.0
TPM_HS,Bilateral imports,HS_M_0010,"Bilateral imports by detailed HS codes (2,4,6 digit)",840,United States of America,156,China,HS,Harmonized System,93,Arms and ammunition; parts and accessories thereof,A,Annual,A,Annual,USD,US$,2018,,,,157142402.0
TPM_HS,Bilateral imports,HS_M_0010,"Bilateral imports by detailed HS codes (2,4,6 digit)",840,United States of America,156,China,HS,Harmonized System,94,"Furniture; bedding, mattresses, mattress supports, cushions and similar stuffed furnishings; lamps and lighting fittings, not elsewhere specified or included; illuminated signs, illuminated nameplates",A,Annual,A,Annual,USD,US$,2018,,,,34736441317.0
TPM_HS,Bilateral imports,HS_M_0010,"Bilateral imports by detailed HS codes (2,4,6 digit)",840,United States of America,156,China,HS,Harmonized System,96,Miscellaneous manufactured articles,A,Annual,A,Annual,USD,US$,2018,,,,3358208251.0
TPM_HS,Bilateral imports,HS_M_0010,"Bilateral imports by detailed HS codes (2,4,6 digit)",840,United States of America,156,China,HS,Harmonized System,010611,Primates,A,Annual,A,Annual,USD,US$,2019,,,,36605133.0
TPM_HS,Bilateral imports,HS_M_0010,"Bilateral imports by detailed HS codes (2,4,6 digit)",840,United States of America,156,China,HS,Harmonized System,04,"Dairy produce; birds' eggs; natural honey; edible products of animal origin, not elsewhere specified or included",A,Annual,A,Annual,USD,US$,2019,,,,9503959.0
TPM_HS,Bilateral imports,HS_M_0010,"Bilateral imports by detailed HS codes (2,4,6 digit)",840,United States of America,156,China,HS,Harmonized System,07,Edible vegetables and certain roots and tubers,A,Annual,A,Annual,USD,US$,2019,,,,317922818.0
TPM_HS,Bilateral imports,HS_M_0010,"Bilateral imports by detailed HS codes (2,4,6 digit)",840,United States of America,156,China,HS,Harmonized System,11,Products of the milling industry; malt; starches; inulin; wheat gluten,A,Annual,A,Annual,USD,US$,2019,,,,43227362.0
TPM_HS,Bilateral imports,HS_M_0010,"Bilateral imports by detailed HS codes (2,4,6 digit)",840,United States of America,156,China,HS,Harmonized System,16,"Preparations of meat, of fish or of crustaceans, molluscs or other aquatic invertebrates",A,Annual,A,Annual,USD,US$,2019,,,,418861635.0
TPM_HS,Bilateral imports,HS_M_0010,"Bilateral imports by detailed HS codes (2,4,6 digit)",840,United States of America,156,China,HS,Harmonized System,19,"Preparations of cereals, flour, starch or milk; pastrycooks' products",A,Annual,A,Annual,USD,US$,2019,,,,196100582.0
TPM_HS,Bilateral imports,HS_M_0010,"Bilateral imports by detailed HS codes (2,4,6 digit)",840,United States of America,156,China,HS,Harmonized System,22,"Beverages, spirits and vinegar",A,Annual,A,Annual,USD,US$,2019,,,,68123963.0
TPM_HS,Bilateral imports,HS_M_0010,"Bilateral imports by detailed HS codes (2,4,6 digit)",840,United States of America,156,China,HS,Harmonized System,24,Tobacco and manufactured tobacco substitutes,A,Annual,A,Annual,USD,US$,2019,,,,775937.0
TPM_HS,Bilateral imports,HS_M_0010,"Bilateral imports by detailed HS codes (2,4,6 digit)",840,United States of America,156,China,HS,Harmonized System,39,Plastics and articles thereof,A,Annual,A,Annual,USD,US$,2019,,,,17773139918.0
TPM_HS,Bilateral imports,HS_M_0010,"Bilateral imports by detailed HS codes (2,4,6 digit)",840,United States of America,156,China,HS,Harmonized System,44,Wood and articles of wood; wood charcoal,A,Annual,A,Annual,USD,US$,2019,,,,2878074425.0
TPM_HS,Bilateral imports,HS_M_0010,"Bilateral imports by detailed HS codes (2,4,6 digit)",840,United States of America,156,China,HS,Harmonized System,47,Pulp of wood or of other fibrous cellulosic material; recovered (waste and scrap) paper and paperboard,A,Annual,A,Annual,USD,US$,2019,,,,5275533.0
TPM_HS,Bilateral imports,HS_M_0010,"Bilateral imports by detailed HS codes (2,4,6 digit)",840,United States of America,156,China,HS,Harmonized System,52,Cotton,A,Annual,A,Annual,USD,US$,2019,,,,144803007.0
TPM_HS,Bilateral imports,HS_M_0010,"Bilateral imports by detailed HS codes (2,4,6 digit)",840,United States of America,156,China,HS,Harmonized System,54,Manmade filaments,A,Annual,A,Annual,USD,US$,2019,,,,368610740.0
TPM_HS,Bilateral imports,HS_M_0010,"Bilateral imports by detailed HS codes (2,4,6 digit)",840,United States of America,156,China,HS,Harmonized System,68,"Articles of stone, plaster, cement, asbestos, mica or similar materials",A,Annual,A,Annual,USD,US$,2019,,,,1081712209.0
TPM_HS,Bilateral imports,HS_M_0010,"Bilateral imports by detailed HS codes (2,4,6 digit)",840,United States of America,156,China,HS,Harmonized System,70,Glass and glassware,A,Annual,A,Annual,USD,US$,2019,,,,2690694449.0
TPM_HS,Bilateral imports,HS_M_0010,"Bilateral imports by detailed HS codes (2,4,6 digit)",840,United States of America,156,China,HS,Harmonized System,72,Iron and steel,A,Annual,A,Annual,USD,US$,2019,,,,489244765.0
TPM_HS,Bilateral imports,HS_M_0010,"Bilateral imports by detailed HS codes (2,4,6 digit)",840,United States of America,156,China,HS,Harmonized System,76,Aluminium and articles thereof,A,Annual,A,Annual,USD,US$,2019,,,,2303367210.0
TPM_HS,Bilateral imports,HS_M_0010,"Bilateral imports by detailed HS codes (2,4,6 digit)",840,United States of America,156,China,HS,Harmonized System,86,"Railway or tramway locomotives, rollingstock and parts thereof; railway or tramway track fixtures and fittings and parts thereof; mechanical (including electromechanical) traffic signalling equipment ",A,Annual,A,Annual,USD,US$,2019,,,,592081615.0
TPM_HS,Bilateral imports,HS_M_0010,"Bilateral imports by detailed HS codes (2,4,6 digit)",840,United States of America,156,China,HS,Harmonized System,89,"Ships, boats and floating structures",A,Annual,A,Annual,USD,US$,2019,,,,89108472.0
TPM_HS,Bilateral imports,HS_M_0010,"Bilateral imports by detailed HS codes (2,4,6 digit)",840,United States of America,156,China,HS,Harmonized System,93,Arms and ammunition; parts and accessories thereof,A,Annual,A,Annual,USD,US$,2019,,,,150043346.0
TPM_HS,Bilateral imports,HS_M_0010,"Bilateral imports by detailed HS codes (2,4,6 digit)",840,United States of America,156,China,HS,Harmonized System,02,Meat and edible meat offal,A,Annual,A,Annual,USD,US$,2020,,,,7794698.0
TPM_HS,Bilateral imports,HS_M_0010,"Bilateral imports by detailed HS codes (2,4,6 digit)",840,United States of America,156,China,HS,Harmonized System,05,"Products of animal origin, not elsewhere specified or included",A,Annual,A,Annual,USD,US$,2020,,,,152980481.0
TPM_HS,Bilateral imports,HS_M_0010,"Bilateral imports by detailed HS codes (2,4,6 digit)",840,United States of America,156,China,HS,Harmonized System,06,"Live trees and other plants; bulbs, roots and the like; cut flowers and ornamental foliage",A,Annual,A,Annual,USD,US$,2020,,,,62776533.0
TPM_HS,Bilateral imports,HS_M_0010,"Bilateral imports by detailed HS codes (2,4,6 digit)",840,United States of America,156,China,HS,Harmonized System,08,Edible fruit and nuts; peel of citrus fruit or melons,A,Annual,A,Annual,USD,US$,2020,,,,128724883.0
TPM_HS,Bilateral imports,HS_M_0010,"Bilateral imports by detailed HS codes (2,4,6 digit)",840,United States of America,156,China,HS,Harmonized System,12,"Oil seeds and oleaginous fruits; miscellaneous grains, seeds and fruit; industrial or medicinal plants; straw and fodder",A,Annual,A,Annual,USD,US$,2020,,,,163719679.0
TPM_HS,Bilateral imports,HS_M_0010,"Bilateral imports by detailed HS codes (2,4,6 digit)",840,United States of America,156,China,HS,Harmonized System,18,Cocoa and cocoa preparations,A,Annual,A,Annual,USD,US$,2020,,,,6874832.0
TPM_HS,Bilateral imports,HS_M_0010,"Bilateral imports by detailed HS codes (2,4,6 digit)",840,United States of America,156,China,HS,Harmonized System,20,"Preparations of vegetables, fruit, nuts or other parts of plants",A,Annual,A,Annual,USD,US$,2020,,,,843846229.0
TPM_HS,Bilateral imports,HS_M_0010,"Bilateral imports by detailed HS codes (2,4,6 digit)",840,United States of America,156,China,HS,Harmonized System,21,Miscellaneous edible preparations,A,Annual,A,Annual,USD,US$,2020,,,,563582340.0
TPM_HS,Bilateral imports,HS_M_0010,"Bilateral imports by detailed HS codes (2,4,6 digit)",840,United States of America,156,China,HS,Harmonized System,26,"Ores, slag and ash",A,Annual,A,Annual,USD,US$,2020,,,,39877584.0
TPM_HS,Bilateral imports,HS_M_0010,"Bilateral imports by detailed HS codes (2,4,6 digit)",840,United States of America,156,China,HS,Harmonized System,29,Organic chemicals,A,Annual,A,Annual,USD,US$,2020,,,,7130984441.0
TPM_HS,Bilateral imports,HS_M_0010,"Bilateral imports by detailed HS codes (2,4,6 digit)",840,United States of America,156,China,HS,Harmonized System,36,Explosives; pyrotechnic products; matches; pyrophoric alloys; certain combustible preparations,A,Annual,A,Annual,USD,US$,2020,,,,310301645.0
TPM_HS,Bilateral imports,HS_M_0010,"Bilateral imports by detailed HS codes (2,4,6 digit)",840,United States of America,156,China,HS,Harmonized System,46,"Manufactures of straw, of esparto or of other plaiting materials; basketware and wickerwork",A,Annual,A,Annual,USD,US$,2020,,,,237304118.0
TPM_HS,Bilateral imports,HS_M_0010,"Bilateral imports by detailed HS codes (2,4,6 digit)",840,United States of America,156,China,HS,Harmonized System,55,Manmade staple fibres,A,Annual,A,Annual,USD,US$,2020,,,,214681603.0
TPM_HS,Bilateral imports,HS_M_0010,"Bilateral imports by detailed HS codes (2,4,6 digit)",840,United States of America,156,China,HS,Harmonized System,57,Carpets and other textile floor coverings,A,Annual,A,Annual,USD,US$,2020,,,,374939815.0
TPM_HS,Bilateral imports,HS_M_0010,"Bilateral imports by detailed HS codes (2,4,6 digit)",840,United States of America,156,China,HS,Harmonized System,60,Knitted or crocheted fabrics,A,Annual,A,Annual,USD,US$,2020,,,,264404496.0
TPM_HS,Bilateral imports,HS_M_0010,"Bilateral imports by detailed HS codes (2,4,6 digit)",840,United States of America,156,China,HS,Harmonized System,62,"Articles of apparel and clothing accessories, not knitted or crocheted",A,Annual,A,Annual,USD,US$,2020,,,,9807555673.0
TPM_HS,Bilateral imports,HS_M_0010,"Bilateral imports by detailed HS codes (2,4,6 digit)",840,United States of America,156,China,HS,Harmonized System,63,Other made up textile articles; sets; worn clothing and worn textile articles; rags,A,Annual,A,Annual,USD,US$,2020,,,,21236952673.0
TPM_HS,Bilateral imports,HS_M_0010,"Bilateral imports by detailed HS codes (2,4,6 digit)",840,United States of America,156,China,HS,Harmonized System,65,Headgear and parts thereof,A,Annual,A,Annual,USD,US$,2020,,,,1086319348.0
TPM_HS,Bilateral imports,HS_M_0010,"Bilateral imports by detailed HS codes (2,4,6 digit)",840,United States of America,156,China,HS,Harmonized System,84,"Nuclear reactors, boilers, machinery and mechanical appliances; parts thereof",A,Annual,A,Annual,USD,US$,2020,,,,95671461076.0
TPM_HS,Bilateral imports,HS_M_0010,"Bilateral imports by detailed HS codes (2,4,6 digit)",840,United States of America,156,China,HS,Harmonized System,85,"Electrical machinery and equipment and parts thereof; sound recorders and reproducers, television image and sound recorders and reproducers, and parts and accessories of such articles",A,Annual,A,Annual,USD,US$,2020,,,,112164157047.0
TPM_HS,Bilateral imports,HS_M_0010,"Bilateral imports by detailed HS codes (2,4,6 digit)",840,United States of America,156,China,HS,Harmonized System,86,"Railway or tramway locomotives, rollingstock and parts thereof; railway or tramway track fixtures and fittings and parts thereof; mechanical (including electromechanical) traffic signalling equipment ",A,Annual,A,Annual,USD,US$,2020,,,,406704169.0
TPM_HS,Bilateral imports,HS_M_0010,"Bilateral imports by detailed HS codes (2,4,6 digit)",840,United States of America,156,China,HS,Harmonized System,87,"Vehicles other than railway or tramway rollingstock, and parts and accessories thereof",A,Annual,A,Annual,USD,US$,2020,,,,11994486537.0
TPM_HS,Bilateral imports,HS_M_0010,"Bilateral imports by detailed HS codes (2,4,6 digit)",840,United States of America,156,China,HS,Harmonized System,89,"Ships, boats and floating structures",A,Annual,A,Annual,USD,US$,2020,,,,117371042.0
TPM_HS,Bilateral imports,HS_M_0010,"Bilateral imports by detailed HS codes (2,4,6 digit)",840,United States of America,156,China,HS,Harmonized System,94,"Furniture; bedding, mattresses, mattress supports, cushions and similar stuffed furnishings; lamps and lighting fittings, not elsewhere specified or included; illuminated signs, illuminated nameplates",A,Annual,A,Annual,USD,US$,2020,,,,22689640610.0
TPM_HS,Bilateral imports,HS_M_0010,"Bilateral imports by detailed HS codes (2,4,6 digit)",840,United States of America,156,China,HS,Harmonized System,97,"Works of art, collectors' pieces and antiques",A,Annual,A,Annual,USD,US$,2020,,,,131094177.0
TPM_HS,Bilateral imports,HS_M_0010,"Bilateral imports by detailed HS codes (2,4,6 digit)",840,United States of America,156,China,HS,Harmonized System,010611,Primates,A,Annual,A,Annual,USD,US$,2021,,,,125188.0
TPM_HS,Bilateral imports,HS_M_0010,"Bilateral imports by detailed HS codes (2,4,6 digit)",840,United States of America,156,China,HS,Harmonized System,010690,Other,A,Annual,A,Annual,USD,US$,2021,,,,126674.0
TPM_HS,Bilateral imports,HS_M_0010,"Bilateral imports by detailed HS codes (2,4,6 digit)",840,United States of America,156,China,HS,Harmonized System,42,"Articles of leather; saddlery and harness; travel goods, handbags and similar containers; articles of animal gut (other than silkworm gut)",A,Annual,A,Annual,USD,US$,2021,,,,3490831858.0
TPM_HS,Bilateral imports,HS_M_0010,"Bilateral imports by detailed HS codes (2,4,6 digit)",840,United States of America,156,China,HS,Harmonized System,43,Furskins and artificial fur; manufactures thereof,A,Annual,A,Annual,USD,US$,2021,,,,24186602.0
TPM_HS,Bilateral imports,HS_M_0010,"Bilateral imports by detailed HS codes (2,4,6 digit)",840,United States of America,156,China,HS,Harmonized System,65,Headgear and parts thereof,A,Annual,A,Annual,USD,US$,2021,,,,1370600070.0
TPM_HS,Bilateral imports,HS_M_0010,"Bilateral imports by detailed HS codes (2,4,6 digit)",840,United States of America,156,China,HS,Harmonized System,010129,Other,A,Annual,A,Annual,USD,US$,2018,,,,230000.0
TPM_HS,Bilateral imports,HS_M_0010,"Bilateral imports by detailed HS codes (2,4,6 digit)",840,United States of America,156,China,HS,Harmonized System,05,"Products of animal origin, not elsewhere specified or included",A,Annual,A,Annual,USD,US$,2018,,,,447708719.0
TPM_HS,Bilateral imports,HS_M_0010,"Bilateral imports by detailed HS codes (2,4,6 digit)",840,United States of America,156,China,HS,Harmonized System,06,"Live trees and other plants; bulbs, roots and the like; cut flowers and ornamental foliage",A,Annual,A,Annual,USD,US$,2018,,,,69927619.0
TPM_HS,Bilateral imports,HS_M_0010,"Bilateral imports by detailed HS codes (2,4,6 digit)",840,United States of America,156,China,HS,Harmonized System,13,"Lac; gums, resins and other vegetable saps and extracts",A,Annual,A,Annual,USD,US$,2018,,,,260706472.0
TPM_HS,Bilateral imports,HS_M_0010,"Bilateral imports by detailed HS codes (2,4,6 digit)",840,United States of America,156,China,HS,Harmonized System,17,Sugars and sugar confectionery,A,Annual,A,Annual,USD,US$,2018,,,,168589669.0
TPM_HS,Bilateral imports,HS_M_0010,"Bilateral imports by detailed HS codes (2,4,6 digit)",840,United States of America,156,China,HS,Harmonized System,19,"Preparations of cereals, flour, starch or milk; pastrycooks' products",A,Annual,A,Annual,USD,US$,2018,,,,229759634.0
TPM_HS,Bilateral imports,HS_M_0010,"Bilateral imports by detailed HS codes (2,4,6 digit)",840,United States of America,156,China,HS,Harmonized System,21,Miscellaneous edible preparations,A,Annual,A,Annual,USD,US$,2018,,,,433465512.0
TPM_HS,Bilateral imports,HS_M_0010,"Bilateral imports by detailed HS codes (2,4,6 digit)",840,United States of America,156,China,HS,Harmonized System,22,"Beverages, spirits and vinegar",A,Annual,A,Annual,USD,US$,2018,,,,93746277.0
TPM_HS,Bilateral imports,HS_M_0010,"Bilateral imports by detailed HS codes (2,4,6 digit)",840,United States of America,156,China,HS,Harmonized System,24,Tobacco and manufactured tobacco substitutes,A,Annual,A,Annual,USD,US$,2018,,,,2574973.0
TPM_HS,Bilateral imports,HS_M_0010,"Bilateral imports by detailed HS codes (2,4,6 digit)",840,United States of America,156,China,HS,Harmonized System,26,"Ores, slag and ash",A,Annual,A,Annual,USD,US$,2018,,,,39764038.0
TPM_HS,Bilateral imports,HS_M_0010,"Bilateral imports by detailed HS codes (2,4,6 digit)",840,United States of America,156,China,HS,Harmonized System,31,Fertilisers,A,Annual,A,Annual,USD,US$,2018,,,,60933197.0
TPM_HS,Bilateral imports,HS_M_0010,"Bilateral imports by detailed HS codes (2,4,6 digit)",840,United States of America,156,China,HS,Harmonized System,36,Explosives; pyrotechnic products; matches; pyrophoric alloys; certain combustible preparations,A,Annual,A,Annual,USD,US$,2018,,,,356184169.0
TPM_HS,Bilateral imports,HS_M_0010,"Bilateral imports by detailed HS codes (2,4,6 digit)",840,United States of America,156,China,HS,Harmonized System,37,Photographic or cinematographic goods,A,Annual,A,Annual,USD,US$,2018,,,,27689410.0
TPM_HS,Bilateral imports,HS_M_0010,"Bilateral imports by detailed HS codes (2,4,6 digit)",840,United States of America,156,China,HS,Harmonized System,46,"Manufactures of straw, of esparto or of other plaiting materials; basketware and wickerwork",A,Annual,A,Annual,USD,US$,2018,,,,329735917.0
TPM_HS,Bilateral imports,HS_M_0010,"Bilateral imports by detailed HS codes (2,4,6 digit)",840,United States of America,156,China,HS,Harmonized System,62,"Articles of apparel and clothing accessories, not knitted or crocheted",A,Annual,A,Annual,USD,US$,2018,,,,13071274540.0
TPM_HS,Bilateral imports,HS_M_0010,"Bilateral imports by detailed HS codes (2,4,6 digit)",840,United States of America,156,China,HS,Harmonized System,63,Other made up textile articles; sets; worn clothing and worn textile articles; rags,A,Annual,A,Annual,USD,US$,2018,,,,8473831619.0
TPM_HS,Bilateral imports,HS_M_0010,"Bilateral imports by detailed HS codes (2,4,6 digit)",840,United States of America,156,China,HS,Harmonized System,67,Prepared feathers and down and articles made of feathers or of down; artificial flowers; articles of human hair,A,Annual,A,Annual,USD,US$,2018,,,,1821653635.0
TPM_HS,Bilateral imports,HS_M_0010,"Bilateral imports by detailed HS codes (2,4,6 digit)",840,United States of America,156,China,HS,Harmonized System,68,"Articles of stone, plaster, cement, asbestos, mica or similar materials",A,Annual,A,Annual,USD,US$,2018,,,,2170292438.0
TPM_HS,Bilateral imports,HS_M_0010,"Bilateral imports by detailed HS codes (2,4,6 digit)",840,United States of America,156,China,HS,Harmonized System,69,Ceramic products,A,Annual,A,Annual,USD,US$,2018,,,,2636107272.0
TPM_HS,Bilateral imports,HS_M_0010,"Bilateral imports by detailed HS codes (2,4,6 digit)",840,United States of America,156,China,HS,Harmonized System,70,Glass and glassware,A,Annual,A,Annual,USD,US$,2018,,,,3287547378.0
TPM_HS,Bilateral imports,HS_M_0010,"Bilateral imports by detailed HS codes (2,4,6 digit)",840,United States of America,156,China,HS,Harmonized System,71,"Natural or cultured pearls, precious or semiprecious stones, precious metals, metals clad with precious metal, and articles thereof; imitation jewellery; coin",A,Annual,A,Annual,USD,US$,2018,,,,3072111529.0
TPM_HS,Bilateral imports,HS_M_0010,"Bilateral imports by detailed HS codes (2,4,6 digit)",840,United States of America,156,China,HS,Harmonized System,75,Nickel and articles thereof,A,Annual,A,Annual,USD,US$,2018,,,,65130155.0
TPM_HS,Bilateral imports,HS_M_0010,"Bilateral imports by detailed HS codes (2,4,6 digit)",840,United States of America,156,China,HS,Harmonized System,79,Zinc and articles thereof,A,Annual,A,Annual,USD,US$,2018,,,,147840036.0
TPM_HS,Bilateral imports,HS_M_0010,"Bilateral imports by detailed HS codes (2,4,6 digit)",840,United States of America,156,China,HS,Harmonized System,82,"Tools, implements, cutlery, spoons and forks, of base metal; parts thereof of base metal",A,Annual,A,Annual,USD,US$,2018,,,,4268588879.0
TPM_HS,Bilateral imports,HS_M_0010,"Bilateral imports by detailed HS codes (2,4,6 digit)",840,United States of America,156,China,HS,Harmonized System,84,"Nuclear reactors, boilers, machinery and mechanical appliances; parts thereof",A,Annual,A,Annual,USD,US$,2018,,,,117884551156.0
TPM_HS,Bilateral imports,HS_M_0010,"Bilateral imports by detailed HS codes (2,4,6 digit)",840,United States of America,156,China,HS,Harmonized System,87,"Vehicles other than railway or tramway rollingstock, and parts and accessories thereof",A,Annual,A,Annual,USD,US$,2018,,,,17318103557.0
TPM_HS,Bilateral imports,HS_M_0010,"Bilateral imports by detailed HS codes (2,4,6 digit)",840,United States of America,156,China,HS,Harmonized System,89,"Ships, boats and floating structures",A,Annual,A,Annual,USD,US$,2018,,,,146698839.0
TPM_HS,Bilateral imports,HS_M_0010,"Bilateral imports by detailed HS codes (2,4,6 digit)",840,United States of America,156,China,HS,Harmonized System,97,"Works of art, collectors' pieces and antiques",A,Annual,A,Annual,USD,US$,2018,,,,285159064.0
TPM_HS,Bilateral imports,HS_M_0010,"Bilateral imports by detailed HS codes (2,4,6 digit)",840,United States of America,156,China,HS,Harmonized System,010619,Other,A,Annual,A,Annual,USD,US$,2019,,,,263940.0
TPM_HS,Bilateral imports,HS_M_0010,"Bilateral imports by detailed HS codes (2,4,6 digit)",840,United States of America,156,China,HS,Harmonized System,010620,Reptiles (including snakes and turtles),A,Annual,A,Annual,USD,US$,2019,,,,37540.0
TPM_HS,Bilateral imports,HS_M_0010,"Bilateral imports by detailed HS codes (2,4,6 digit)",840,United States of America,156,China,HS,Harmonized System,010649,Other,A,Annual,A,Annual,USD,US$,2019,,,,11217.0
TPM_HS,Bilateral imports,HS_M_0010,"Bilateral imports by detailed HS codes (2,4,6 digit)",840,United States of America,156,China,HS,Harmonized System,010690,Other,A,Annual,A,Annual,USD,US$,2019,,,,58896.0
TPM_HS,Bilateral imports,HS_M_0010,"Bilateral imports by detailed HS codes (2,4,6 digit)",840,United States of America,156,China,HS,Harmonized System,06,"Live trees and other plants; bulbs, roots and the like; cut flowers and ornamental foliage",A,Annual,A,Annual,USD,US$,2019,,,,70221679.0
TPM_HS,Bilateral imports,HS_M_0010,"Bilateral imports by detailed HS codes (2,4,6 digit)",840,United States of America,156,China,HS,Harmonized System,13,"Lac; gums, resins and other vegetable saps and extracts",A,Annual,A,Annual,USD,US$,2019,,,,275285363.0
TPM_HS,Bilateral imports,HS_M_0010,"Bilateral imports by detailed HS codes (2,4,6 digit)",840,United States of America,156,China,HS,Harmonized System,15,Animal or vegetable fats and oils and their cleavage products; prepared edible fats; animal or vegetable waxes,A,Annual,A,Annual,USD,US$,2019,,,,55484946.0
TPM_HS,Bilateral imports,HS_M_0010,"Bilateral imports by detailed HS codes (2,4,6 digit)",840,United States of America,156,China,HS,Harmonized System,20,"Preparations of vegetables, fruit, nuts or other parts of plants",A,Annual,A,Annual,USD,US$,2019,,,,666598361.0
TPM_HS,Bilateral imports,HS_M_0010,"Bilateral imports by detailed HS codes (2,4,6 digit)",840,United States of America,156,China,HS,Harmonized System,25,"Salt; sulphur; earths and stone; plastering materials, lime and cement",A,Annual,A,Annual,USD,US$,2019,,,,428354815.0
TPM_HS,Bilateral imports,HS_M_0010,"Bilateral imports by detailed HS codes (2,4,6 digit)",840,United States of America,156,China,HS,Harmonized System,29,Organic chemicals,A,Annual,A,Annual,USD,US$,2019,,,,7652356832.0
TPM_HS,Bilateral imports,HS_M_0010,"Bilateral imports by detailed HS codes (2,4,6 digit)",840,United States of America,156,China,HS,Harmonized System,30,Pharmaceutical products,A,Annual,A,Annual,USD,US$,2019,,,,1593587971.0
TPM_HS,Bilateral imports,HS_M_0010,"Bilateral imports by detailed HS codes (2,4,6 digit)",840,United States of America,156,China,HS,Harmonized System,31,Fertilisers,A,Annual,A,Annual,USD,US$,2019,,,,21868892.0
TPM_HS,Bilateral imports,HS_M_0010,"Bilateral imports by detailed HS codes (2,4,6 digit)",840,United States of America,156,China,HS,Harmonized System,33,"Essential oils and resinoids; perfumery, cosmetic or toilet preparations",A,Annual,A,Annual,USD,US$,2019,,,,1189977029.0
TPM_HS,Bilateral imports,HS_M_0010,"Bilateral imports by detailed HS codes (2,4,6 digit)",840,United States of America,156,China,HS,Harmonized System,35,Albuminoidal substances; modified starches; glues; enzymes,A,Annual,A,Annual,USD,US$,2019,,,,330742273.0
TPM_HS,Bilateral imports,HS_M_0010,"Bilateral imports by detailed HS codes (2,4,6 digit)",840,United States of America,156,China,HS,Harmonized System,37,Photographic or cinematographic goods,A,Annual,A,Annual,USD,US$,2019,,,,16437720.0
TPM_HS,Bilateral imports,HS_M_0010,"Bilateral imports by detailed HS codes (2,4,6 digit)",840,United States of America,156,China,HS,Harmonized System,40,Rubber and articles thereof,A,Annual,A,Annual,USD,US$,2019,,,,2632324311.0
TPM_HS,Bilateral imports,HS_M_0010,"Bilateral imports by detailed HS codes (2,4,6 digit)",840,United States of America,156,China,HS,Harmonized System,41,Raw hides and skins (other than furskins) and leather,A,Annual,A,Annual,USD,US$,2019,,,,12105797.0
TPM_HS,Bilateral imports,HS_M_0010,"Bilateral imports by detailed HS codes (2,4,6 digit)",840,United States of America,156,China,HS,Harmonized System,42,"Articles of leather; saddlery and harness; travel goods, handbags and similar containers; articles of animal gut (other than silkworm gut)",A,Annual,A,Annual,USD,US$,2019,,,,4967357318.0
TPM_HS,Bilateral imports,HS_M_0010,"Bilateral imports by detailed HS codes (2,4,6 digit)",840,United States of America,156,China,HS,Harmonized System,48,"Paper and paperboard; articles of paper pulp, of paper or of paperboard",A,Annual,A,Annual,USD,US$,2019,,,,2888970240.0
TPM_HS,Bilateral imports,HS_M_0010,"Bilateral imports by detailed HS codes (2,4,6 digit)",840,United States of America,156,China,HS,Harmonized System,51,"Wool, fine or coarse animal hair; horsehair yarn and woven fabric",A,Annual,A,Annual,USD,US$,2019,,,,8917914.0
TPM_HS,Bilateral imports,HS_M_0010,"Bilateral imports by detailed HS codes (2,4,6 digit)",840,United States of America,156,China,HS,Harmonized System,55,Manmade staple fibres,A,Annual,A,Annual,USD,US$,2019,,,,282685006.0
TPM_HS,Bilateral imports,HS_M_0010,"Bilateral imports by detailed HS codes (2,4,6 digit)",840,United States of America,156,China,HS,Harmonized System,60,Knitted or crocheted fabrics,A,Annual,A,Annual,USD,US$,2019,,,,312100837.0
TPM_HS,Bilateral imports,HS_M_0010,"Bilateral imports by detailed HS codes (2,4,6 digit)",840,United States of America,156,China,HS,Harmonized System,75,Nickel and articles thereof,A,Annual,A,Annual,USD,US$,2019,,,,39281200.0
TPM_HS,Bilateral imports,HS_M_0010,"Bilateral imports by detailed HS codes (2,4,6 digit)",840,United States of America,156,China,HS,Harmonized System,78,Lead and articles thereof,A,Annual,A,Annual,USD,US$,2019,,,,7346983.0
TPM_HS,Bilateral imports,HS_M_0010,"Bilateral imports by detailed HS codes (2,4,6 digit)",840,United States of America,156,China,HS,Harmonized System,80,Tin and articles thereof,A,Annual,A,Annual,USD,US$,2019,,,,48344075.0
TPM_HS,Bilateral imports,HS_M_0010,"Bilateral imports by detailed HS codes (2,4,6 digit)",840,United States of America,156,China,HS,Harmonized System,81,Other base metals; cermets; articles thereof,A,Annual,A,Annual,USD,US$,2019,,,,459175879.0
TPM_HS,Bilateral imports,HS_M_0010,"Bilateral imports by detailed HS codes (2,4,6 digit)",840,United States of America,156,China,HS,Harmonized System,83,Miscellaneous articles of base metal,A,Annual,A,Annual,USD,US$,2019,,,,5149700879.0
TPM_HS,Bilateral imports,HS_M_0010,"Bilateral imports by detailed HS codes (2,4,6 digit)",840,United States of America,156,China,HS,Harmonized System,85,"Electrical machinery and equipment and parts thereof; sound recorders and reproducers, television image and sound recorders and reproducers, and parts and accessories of such articles",A,Annual,A,Annual,USD,US$,2019,,,,129044819448.0
TPM_HS,Bilateral imports,HS_M_0010,"Bilateral imports by detailed HS codes (2,4,6 digit)",840,United States of America,156,China,HS,Harmonized System,01,Live animals,A,Annual,A,Annual,USD,US$,2020,,,,2882750.0
TPM_HS,Bilateral imports,HS_M_0010,"Bilateral imports by detailed HS codes (2,4,6 digit)",840,United States of America,156,China,HS,Harmonized System,0106,Other live animals.,A,Annual,A,Annual,USD,US$,2020,,,,2882750.0
TPM_HS,Bilateral imports,HS_M_0010,"Bilateral imports by detailed HS codes (2,4,6 digit)",840,United States of America,156,China,HS,Harmonized System,010690,Other,A,Annual,A,Annual,USD,US$,2020,,,,63738.0
TPM_HS,Bilateral imports,HS_M_0010,"Bilateral imports by detailed HS codes (2,4,6 digit)",840,United States of America,156,China,HS,Harmonized System,07,Edible vegetables and certain roots and tubers,A,Annual,A,Annual,USD,US$,2020,,,,306430429.0
TPM_HS,Bilateral imports,HS_M_0010,"Bilateral imports by detailed HS codes (2,4,6 digit)",840,United States of America,156,China,HS,Harmonized System,09,"Coffee, tea, mate and spices",A,Annual,A,Annual,USD,US$,2020,,,,221584472.0
TPM_HS,Bilateral imports,HS_M_0010,"Bilateral imports by detailed HS codes (2,4,6 digit)",840,United States of America,156,China,HS,Harmonized System,10,Cereals,A,Annual,A,Annual,USD,US$,2020,,,,25969166.0
TPM_HS,Bilateral imports,HS_M_0010,"Bilateral imports by detailed HS codes (2,4,6 digit)",840,United States of America,156,China,HS,Harmonized System,13,"Lac; gums, resins and other vegetable saps and extracts",A,Annual,A,Annual,USD,US$,2020,,,,290513030.0
TPM_HS,Bilateral imports,HS_M_0010,"Bilateral imports by detailed HS codes (2,4,6 digit)",840,United States of America,156,China,HS,Harmonized System,15,Animal or vegetable fats and oils and their cleavage products; prepared edible fats; animal or vegetable waxes,A,Annual,A,Annual,USD,US$,2020,,,,51511238.0
TPM_HS,Bilateral imports,HS_M_0010,"Bilateral imports by detailed HS codes (2,4,6 digit)",840,United States of America,156,China,HS,Harmonized System,17,Sugars and sugar confectionery,A,Annual,A,Annual,USD,US$,2020,,,,94499771.0
TPM_HS,Bilateral imports,HS_M_0010,"Bilateral imports by detailed HS codes (2,4,6 digit)",840,United States of America,156,China,HS,Harmonized System,19,"Preparations of cereals, flour, starch or milk; pastrycooks' products",A,Annual,A,Annual,USD,US$,2020,,,,209315155.0
TPM_HS,Bilateral imports,HS_M_0010,"Bilateral imports by detailed HS codes (2,4,6 digit)",840,United States of America,156,China,HS,Harmonized System,25,"Salt; sulphur; earths and stone; plastering materials, lime and cement",A,Annual,A,Annual,USD,US$,2020,,,,194719712.0
TPM_HS,Bilateral imports,HS_M_0010,"Bilateral imports by detailed HS codes (2,4,6 digit)",840,United States of America,156,China,HS,Harmonized System,28,"Inorganic chemicals; organic or inorganic compounds of precious metals, of rareearth metals, of radioactive elements or of isotopes",A,Annual,A,Annual,USD,US$,2020,,,,908054439.0
TPM_HS,Bilateral imports,HS_M_0010,"Bilateral imports by detailed HS codes (2,4,6 digit)",840,United States of America,156,China,HS,Harmonized System,33,"Essential oils and resinoids; perfumery, cosmetic or toilet preparations",A,Annual,A,Annual,USD,US$,2020,,,,935045585.0
TPM_HS,Bilateral imports,HS_M_0010,"Bilateral imports by detailed HS codes (2,4,6 digit)",840,United States of America,156,China,HS,Harmonized System,34,"Soap, organic surfaceactive agents, washing preparations, lubricating preparations, artificial waxes, prepared waxes, polishing or scouring preparations, candles and similar articles, modelling pastes",A,Annual,A,Annual,USD,US$,2020,,,,973425036.0
TPM_HS,Bilateral imports,HS_M_0010,"Bilateral imports by detailed HS codes (2,4,6 digit)",840,United States of America,156,China,HS,Harmonized System,43,Furskins and artificial fur; manufactures thereof,A,Annual,A,Annual,USD,US$,2020,,,,18465915.0
TPM_HS,Bilateral imports,HS_M_0010,"Bilateral imports by detailed HS codes (2,4,6 digit)",840,United States of America,156,China,HS,Harmonized System,48,"Paper and paperboard; articles of paper pulp, of paper or of paperboard",A,Annual,A,Annual,USD,US$,2020,,,,2345451984.0
TPM_HS,Bilateral imports,HS_M_0010,"Bilateral imports by detailed HS codes (2,4,6 digit)",840,United States of America,156,China,HS,Harmonized System,52,Cotton,A,Annual,A,Annual,USD,US$,2020,,,,142411494.0
TPM_HS,Bilateral imports,HS_M_0010,"Bilateral imports by detailed HS codes (2,4,6 digit)",840,United States of America,156,China,HS,Harmonized System,53,Other vegetable textile fibres; paper yarn and woven fabrics of paper yarn,A,Annual,A,Annual,USD,US$,2020,,,,17799272.0
TPM_HS,Bilateral imports,HS_M_0010,"Bilateral imports by detailed HS codes (2,4,6 digit)",840,United States of America,156,China,HS,Harmonized System,58,Special woven fabrics; tufted textile fabrics; lace; tapestries; trimmings; embroidery,A,Annual,A,Annual,USD,US$,2020,,,,228666862.0
TPM_HS,Bilateral imports,HS_M_0010,"Bilateral imports by detailed HS codes (2,4,6 digit)",840,United States of America,156,China,HS,Harmonized System,66,"Umbrellas, sun umbrellas, walkingsticks, seatsticks, whips, ridingcrops and parts thereof",A,Annual,A,Annual,USD,US$,2020,,,,492568537.0
TPM_HS,Bilateral imports,HS_M_0010,"Bilateral imports by detailed HS codes (2,4,6 digit)",840,United States of America,156,China,HS,Harmonized System,67,Prepared feathers and down and articles made of feathers or of down; artificial flowers; articles of human hair,A,Annual,A,Annual,USD,US$,2020,,,,1609868758.0
TPM_HS,Bilateral imports,HS_M_0010,"Bilateral imports by detailed HS codes (2,4,6 digit)",840,United States of America,156,China,HS,Harmonized System,73,Articles of iron or steel,A,Annual,A,Annual,USD,US$,2020,,,,10452074255.0
TPM_HS,Bilateral imports,HS_M_0010,"Bilateral imports by detailed HS codes (2,4,6 digit)",840,United States of America,156,China,HS,Harmonized System,75,Nickel and articles thereof,A,Annual,A,Annual,USD,US$,2020,,,,31039784.0
TPM_HS,Bilateral imports,HS_M_0010,"Bilateral imports by detailed HS codes (2,4,6 digit)",840,United States of America,156,China,HS,Harmonized System,76,Aluminium and articles thereof,A,Annual,A,Annual,USD,US$,2020,,,,2330279539.0
TPM_HS,Bilateral imports,HS_M_0010,"Bilateral imports by detailed HS codes (2,4,6 digit)",840,United States of America,156,China,HS,Harmonized System,80,Tin and articles thereof,A,Annual,A,Annual,USD,US$,2020,,,,17559758.0
TPM_HS,Bilateral imports,HS_M_0010,"Bilateral imports by detailed HS codes (2,4,6 digit)",840,United States of America,156,China,HS,Harmonized System,83,Miscellaneous articles of base metal,A,Annual,A,Annual,USD,US$,2020,,,,4782978446.0
TPM_HS,Bilateral imports,HS_M_0010,"Bilateral imports by detailed HS codes (2,4,6 digit)",840,United States of America,156,China,HS,Harmonized System,90,"Optical, photographic, cinematographic, measuring, checking, precision, medical or surgical instruments and apparatus; parts and accessories thereof",A,Annual,A,Annual,USD,US$,2020,,,,11723881712.0
TPM_HS,Bilateral imports,HS_M_0010,"Bilateral imports by detailed HS codes (2,4,6 digit)",840,United States of America,156,China,HS,Harmonized System,91,Clocks and watches and parts thereof,A,Annual,A,Annual,USD,US$,2020,,,,421060739.0
TPM_HS,Bilateral imports,HS_M_0010,"Bilateral imports by detailed HS codes (2,4,6 digit)",840,United States of America,156,China,HS,Harmonized System,92,Musical instruments; parts and accessories of such articles,A,Annual,A,Annual,USD,US$,2020,,,,555708495.0
TPM_HS,Bilateral imports,HS_M_0010,"Bilateral imports by detailed HS codes (2,4,6 digit)",840,United States of America,156,China,HS,Harmonized System,010649,Other,A,Annual,A,Annual,USD,US$,2021,,,,27371.0
TPM_HS,Bilateral imports,HS_M_0010,"Bilateral imports by detailed HS codes (2,4,6 digit)",840,United States of America,156,China,HS,Harmonized System,08,Edible fruit and nuts; peel of citrus fruit or melons,A,Annual,A,Annual,USD,US$,2021,,,,142837579.0
TPM_HS,Bilateral imports,HS_M_0010,"Bilateral imports by detailed HS codes (2,4,6 digit)",840,United States of America,156,China,HS,Harmonized System,09,"Coffee, tea, mate and spices",A,Annual,A,Annual,USD,US$,2021,,,,230794832.0
TPM_HS,Bilateral imports,HS_M_0010,"Bilateral imports by detailed HS codes (2,4,6 digit)",840,United States of America,156,China,HS,Harmonized System,17,Sugars and sugar confectionery,A,Annual,A,Annual,USD,US$,2021,,,,116160183.0
TPM_HS,Bilateral imports,HS_M_0010,"Bilateral imports by detailed HS codes (2,4,6 digit)",840,United States of America,156,China,HS,Harmonized System,25,"Salt; sulphur; earths and stone; plastering materials, lime and cement",A,Annual,A,Annual,USD,US$,2021,,,,307823716.0
TPM_HS,Bilateral imports,HS_M_0010,"Bilateral imports by detailed HS codes (2,4,6 digit)",840,United States of America,156,China,HS,Harmonized System,27,"Mineral fuels, mineral oils and products of their distillation; bituminous substances; mineral waxes",A,Annual,A,Annual,USD,US$,2021,,,,152723500.0
TPM_HS,Bilateral imports,HS_M_0010,"Bilateral imports by detailed HS codes (2,4,6 digit)",840,United States of America,156,China,HS,Harmonized System,28,"Inorganic chemicals; organic or inorganic compounds of precious metals, of rareearth metals, of radioactive elements or of isotopes",A,Annual,A,Annual,USD,US$,2021,,,,1215467755.0
TPM_HS,Bilateral imports,HS_M_0010,"Bilateral imports by detailed HS codes (2,4,6 digit)",840,United States of America,156,China,HS,Harmonized System,29,Organic chemicals,A,Annual,A,Annual,USD,US$,2021,,,,9899633637.0
TPM_HS,Bilateral imports,HS_M_0010,"Bilateral imports by detailed HS codes (2,4,6 digit)",840,United States of America,156,China,HS,Harmonized System,30,Pharmaceutical products,A,Annual,A,Annual,USD,US$,2021,,,,3387185542.0
TPM_HS,Bilateral imports,HS_M_0010,"Bilateral imports by detailed HS codes (2,4,6 digit)",840,United States of America,156,China,HS,Harmonized System,41,Raw hides and skins (other than furskins) and leather,A,Annual,A,Annual,USD,US$,2021,,,,9163413.0
TPM_HS,Bilateral imports,HS_M_0010,"Bilateral imports by detailed HS codes (2,4,6 digit)",840,United States of America,156,China,HS,Harmonized System,44,Wood and articles of wood; wood charcoal,A,Annual,A,Annual,USD,US$,2021,,,,2904952800.0
TPM_HS,Bilateral imports,HS_M_0010,"Bilateral imports by detailed HS codes (2,4,6 digit)",840,United States of America,156,China,HS,Harmonized System,56,"Wadding, felt and nonwovens; special yarns; twine, cordage, ropes and cables and articles thereof",A,Annual,A,Annual,USD,US$,2021,,,,787967200.0
TPM_HS,Bilateral imports,HS_M_0010,"Bilateral imports by detailed HS codes (2,4,6 digit)",840,United States of America,156,China,HS,Harmonized System,57,Carpets and other textile floor coverings,A,Annual,A,Annual,USD,US$,2021,,,,458716428.0
TPM_HS,Bilateral imports,HS_M_0010,"Bilateral imports by detailed HS codes (2,4,6 digit)",840,United States of America,156,China,HS,Harmonized System,59,"Impregnated, coated, covered or laminated textile fabrics; textile articles of a kind suitable for industrial use",A,Annual,A,Annual,USD,US$,2021,,,,414276125.0
TPM_HS,Bilateral imports,HS_M_0010,"Bilateral imports by detailed HS codes (2,4,6 digit)",840,United States of America,156,China,HS,Harmonized System,66,"Umbrellas, sun umbrellas, walkingsticks, seatsticks, whips, ridingcrops and parts thereof",A,Annual,A,Annual,USD,US$,2021,,,,666982213.0
TPM_HS,Bilateral imports,HS_M_0010,"Bilateral imports by detailed HS codes (2,4,6 digit)",840,United States of America,156,China,HS,Harmonized System,0101,"Live horses, asses, mules and hinnies.",A,Annual,A,Annual,USD,US$,2018,,,,230000.0
TPM_HS,Bilateral imports,HS_M_0010,"Bilateral imports by detailed HS codes (2,4,6 digit)",840,United States of America,156,China,HS,Harmonized System,09,"Coffee, tea, mate and spices",A,Annual,A,Annual,USD,US$,2018,,,,281654929.0
TPM_HS,Bilateral imports,HS_M_0010,"Bilateral imports by detailed HS codes (2,4,6 digit)",840,United States of America,156,China,HS,Harmonized System,11,Products of the milling industry; malt; starches; inulin; wheat gluten,A,Annual,A,Annual,USD,US$,2018,,,,62088762.0
TPM_HS,Bilateral imports,HS_M_0010,"Bilateral imports by detailed HS codes (2,4,6 digit)",840,United States of America,156,China,HS,Harmonized System,14,Vegetable plaiting materials; vegetable products not elsewhere specified or included,A,Annual,A,Annual,USD,US$,2018,,,,26066440.0
TPM_HS,Bilateral imports,HS_M_0010,"Bilateral imports by detailed HS codes (2,4,6 digit)",840,United States of America,156,China,HS,Harmonized System,23,Residues and waste from the food industries; prepared animal fodder,A,Annual,A,Annual,USD,US$,2018,,,,268395475.0
TPM_HS,Bilateral imports,HS_M_0010,"Bilateral imports by detailed HS codes (2,4,6 digit)",840,United States of America,156,China,HS,Harmonized System,27,"Mineral fuels, mineral oils and products of their distillation; bituminous substances; mineral waxes",A,Annual,A,Annual,USD,US$,2018,,,,572088885.0
TPM_HS,Bilateral imports,HS_M_0010,"Bilateral imports by detailed HS codes (2,4,6 digit)",840,United States of America,156,China,HS,Harmonized System,30,Pharmaceutical products,A,Annual,A,Annual,USD,US$,2018,,,,1582770994.0
TPM_HS,Bilateral imports,HS_M_0010,"Bilateral imports by detailed HS codes (2,4,6 digit)",840,United States of America,156,China,HS,Harmonized System,35,Albuminoidal substances; modified starches; glues; enzymes,A,Annual,A,Annual,USD,US$,2018,,,,362798814.0
TPM_HS,Bilateral imports,HS_M_0010,"Bilateral imports by detailed HS codes (2,4,6 digit)",840,United States of America,156,China,HS,Harmonized System,38,Miscellaneous chemical products,A,Annual,A,Annual,USD,US$,2018,,,,1720026173.0
TPM_HS,Bilateral imports,HS_M_0010,"Bilateral imports by detailed HS codes (2,4,6 digit)",840,United States of America,156,China,HS,Harmonized System,39,Plastics and articles thereof,A,Annual,A,Annual,USD,US$,2018,,,,18984425055.0
TPM_HS,Bilateral imports,HS_M_0010,"Bilateral imports by detailed HS codes (2,4,6 digit)",840,United States of America,156,China,HS,Harmonized System,42,"Articles of leather; saddlery and harness; travel goods, handbags and similar containers; articles of animal gut (other than silkworm gut)",A,Annual,A,Annual,USD,US$,2018,,,,7412080553.0
TPM_HS,Bilateral imports,HS_M_0010,"Bilateral imports by detailed HS codes (2,4,6 digit)",840,United States of America,156,China,HS,Harmonized System,50,Silk,A,Annual,A,Annual,USD,US$,2018,,,,23162927.0
TPM_HS,Bilateral imports,HS_M_0010,"Bilateral imports by detailed HS codes (2,4,6 digit)",840,United States of America,156,China,HS,Harmonized System,54,Manmade filaments,A,Annual,A,Annual,USD,US$,2018,,,,641555761.0
TPM_HS,Bilateral imports,HS_M_0010,"Bilateral imports by detailed HS codes (2,4,6 digit)",840,United States of America,156,China,HS,Harmonized System,56,"Wadding, felt and nonwovens; special yarns; twine, cordage, ropes and cables and articles thereof",A,Annual,A,Annual,USD,US$,2018,,,,705615378.0
TPM_HS,Bilateral imports,HS_M_0010,"Bilateral imports by detailed HS codes (2,4,6 digit)",840,United States of America,156,China,HS,Harmonized System,57,Carpets and other textile floor coverings,A,Annual,A,Annual,USD,US$,2018,,,,734280890.0
TPM_HS,Bilateral imports,HS_M_0010,"Bilateral imports by detailed HS codes (2,4,6 digit)",840,United States of America,156,China,HS,Harmonized System,58,Special woven fabrics; tufted textile fabrics; lace; tapestries; trimmings; embroidery,A,Annual,A,Annual,USD,US$,2018,,,,296242096.0
TPM_HS,Bilateral imports,HS_M_0010,"Bilateral imports by detailed HS codes (2,4,6 digit)",840,United States of America,156,China,HS,Harmonized System,61,"Articles of apparel and clothing accessories, knitted or crocheted",A,Annual,A,Annual,USD,US$,2018,,,,14863670263.0
TPM_HS,Bilateral imports,HS_M_0010,"Bilateral imports by detailed HS codes (2,4,6 digit)",840,United States of America,156,China,HS,Harmonized System,64,"Footwear, gaiters and the like; parts of such articles",A,Annual,A,Annual,USD,US$,2018,,,,14052971980.0
TPM_HS,Bilateral imports,HS_M_0010,"Bilateral imports by detailed HS codes (2,4,6 digit)",840,United States of America,156,China,HS,Harmonized System,81,Other base metals; cermets; articles thereof,A,Annual,A,Annual,USD,US$,2018,,,,573903235.0
TPM_HS,Bilateral imports,HS_M_0010,"Bilateral imports by detailed HS codes (2,4,6 digit)",840,United States of America,156,China,HS,Harmonized System,86,"Railway or tramway locomotives, rollingstock and parts thereof; railway or tramway track fixtures and fittings and parts thereof; mechanical (including electromechanical) traffic signalling equipment ",A,Annual,A,Annual,USD,US$,2018,,,,752551090.0
TPM_HS,Bilateral imports,HS_M_0010,"Bilateral imports by detailed HS codes (2,4,6 digit)",840,United States of America,156,China,HS,Harmonized System,88,"Aircraft, spacecraft, and parts thereof",A,Annual,A,Annual,USD,US$,2018,,,,549825873.0
TPM_HS,Bilateral imports,HS_M_0010,"Bilateral imports by detailed HS codes (2,4,6 digit)",840,United States of America,156,China,HS,Harmonized System,90,"Optical, photographic, cinematographic, measuring, checking, precision, medical or surgical instruments and apparatus; parts and accessories thereof",A,Annual,A,Annual,USD,US$,2018,,,,12564119897.0
TPM_HS,Bilateral imports,HS_M_0010,"Bilateral imports by detailed HS codes (2,4,6 digit)",840,United States of America,156,China,HS,Harmonized System,0106,Other live animals.,A,Annual,A,Annual,USD,US$,2019,,,,36983926.0
TPM_HS,Bilateral imports,HS_M_0010,"Bilateral imports by detailed HS codes (2,4,6 digit)",840,United States of America,156,China,HS,Harmonized System,03,"Fish and crustaceans, molluscs and other aquatic invertebrates",A,Annual,A,Annual,USD,US$,2019,,,,1479165150.0
TPM_HS,Bilateral imports,HS_M_0010,"Bilateral imports by detailed HS codes (2,4,6 digit)",840,United States of America,156,China,HS,Harmonized System,08,Edible fruit and nuts; peel of citrus fruit or melons,A,Annual,A,Annual,USD,US$,2019,,,,138454597.0
TPM_HS,Bilateral imports,HS_M_0010,"Bilateral imports by detailed HS codes (2,4,6 digit)",840,United States of America,156,China,HS,Harmonized System,09,"Coffee, tea, mate and spices",A,Annual,A,Annual,USD,US$,2019,,,,269006143.0
TPM_HS,Bilateral imports,HS_M_0010,"Bilateral imports by detailed HS codes (2,4,6 digit)",840,United States of America,156,China,HS,Harmonized System,12,"Oil seeds and oleaginous fruits; miscellaneous grains, seeds and fruit; industrial or medicinal plants; straw and fodder",A,Annual,A,Annual,USD,US$,2019,,,,146875526.0
TPM_HS,Bilateral imports,HS_M_0010,"Bilateral imports by detailed HS codes (2,4,6 digit)",840,United States of America,156,China,HS,Harmonized System,14,Vegetable plaiting materials; vegetable products not elsewhere specified or included,A,Annual,A,Annual,USD,US$,2019,,,,23360115.0
TPM_HS,Bilateral imports,HS_M_0010,"Bilateral imports by detailed HS codes (2,4,6 digit)",840,United States of America,156,China,HS,Harmonized System,18,Cocoa and cocoa preparations,A,Annual,A,Annual,USD,US$,2019,,,,34405502.0
TPM_HS,Bilateral imports,HS_M_0010,"Bilateral imports by detailed HS codes (2,4,6 digit)",840,United States of America,156,China,HS,Harmonized System,26,"Ores, slag and ash",A,Annual,A,Annual,USD,US$,2019,,,,29803196.0
TPM_HS,Bilateral imports,HS_M_0010,"Bilateral imports by detailed HS codes (2,4,6 digit)",840,United States of America,156,China,HS,Harmonized System,28,"Inorganic chemicals; organic or inorganic compounds of precious metals, of rareearth metals, of radioactive elements or of isotopes",A,Annual,A,Annual,USD,US$,2019,,,,1205245156.0
TPM_HS,Bilateral imports,HS_M_0010,"Bilateral imports by detailed HS codes (2,4,6 digit)",840,United States of America,156,China,HS,Harmonized System,32,"Tanning or dyeing extracts; tannins and their derivatives; dyes, pigments and other colouring matter; paints and varnishes; putty and other mastics; inks",A,Annual,A,Annual,USD,US$,2019,,,,388955293.0
TPM_HS,Bilateral imports,HS_M_0010,"Bilateral imports by detailed HS codes (2,4,6 digit)",840,United States of America,156,China,HS,Harmonized System,34,"Soap, organic surfaceactive agents, washing preparations, lubricating preparations, artificial waxes, prepared waxes, polishing or scouring preparations, candles and similar articles, modelling pastes",A,Annual,A,Annual,USD,US$,2019,,,,485665957.0
TPM_HS,Bilateral imports,HS_M_0010,"Bilateral imports by detailed HS codes (2,4,6 digit)",840,United States of America,156,China,HS,Harmonized System,56,"Wadding, felt and nonwovens; special yarns; twine, cordage, ropes and cables and articles thereof",A,Annual,A,Annual,USD,US$,2019,,,,538866706.0
TPM_HS,Bilateral imports,HS_M_0010,"Bilateral imports by detailed HS codes (2,4,6 digit)",840,United States of America,156,China,HS,Harmonized System,57,Carpets and other textile floor coverings,A,Annual,A,Annual,USD,US$,2019,,,,481710996.0
TPM_HS,Bilateral imports,HS_M_0010,"Bilateral imports by detailed HS codes (2,4,6 digit)",840,United States of America,156,China,HS,Harmonized System,65,Headgear and parts thereof,A,Annual,A,Annual,USD,US$,2019,,,,1375198365.0
TPM_HS,Bilateral imports,HS_M_0010,"Bilateral imports by detailed HS codes (2,4,6 digit)",840,United States of America,156,China,HS,Harmonized System,66,"Umbrellas, sun umbrellas, walkingsticks, seatsticks, whips, ridingcrops and parts thereof",A,Annual,A,Annual,USD,US$,2019,,,,592608288.0
TPM_HS,Bilateral imports,HS_M_0010,"Bilateral imports by detailed HS codes (2,4,6 digit)",840,United States of America,156,China,HS,Harmonized System,69,Ceramic products,A,Annual,A,Annual,USD,US$,2019,,,,2471131967.0
TPM_HS,Bilateral imports,HS_M_0010,"Bilateral imports by detailed HS codes (2,4,6 digit)",840,United States of America,156,China,HS,Harmonized System,71,"Natural or cultured pearls, precious or semiprecious stones, precious metals, metals clad with precious metal, and articles thereof; imitation jewellery; coin",A,Annual,A,Annual,USD,US$,2019,,,,2612668715.0
TPM_HS,Bilateral imports,HS_M_0010,"Bilateral imports by detailed HS codes (2,4,6 digit)",840,United States of America,156,China,HS,Harmonized System,73,Articles of iron or steel,A,Annual,A,Annual,USD,US$,2019,,,,10890560263.0
TPM_HS,Bilateral imports,HS_M_0010,"Bilateral imports by detailed HS codes (2,4,6 digit)",840,United States of America,156,China,HS,Harmonized System,74,Copper and articles thereof,A,Annual,A,Annual,USD,US$,2019,,,,456598572.0
TPM_HS,Bilateral imports,HS_M_0010,"Bilateral imports by detailed HS codes (2,4,6 digit)",840,United States of America,156,China,HS,Harmonized System,82,"Tools, implements, cutlery, spoons and forks, of base metal; parts thereof of base metal",A,Annual,A,Annual,USD,US$,2019,,,,3823943313.0
TPM_HS,Bilateral imports,HS_M_0010,"Bilateral imports by detailed HS codes (2,4,6 digit)",840,United States of America,156,China,HS,Harmonized System,84,"Nuclear reactors, boilers, machinery and mechanical appliances; parts thereof",A,Annual,A,Annual,USD,US$,2019,,,,90807899811.0
TPM_HS,Bilateral imports,HS_M_0010,"Bilateral imports by detailed HS codes (2,4,6 digit)",840,United States of America,156,China,HS,Harmonized System,88,"Aircraft, spacecraft, and parts thereof",A,Annual,A,Annual,USD,US$,2019,,,,560945104.0
TPM_HS,Bilateral imports,HS_M_0010,"Bilateral imports by detailed HS codes (2,4,6 digit)",840,United States of America,156,China,HS,Harmonized System,90,"Optical, photographic, cinematographic, measuring, checking, precision, medical or surgical instruments and apparatus; parts and accessories thereof",A,Annual,A,Annual,USD,US$,2019,,,,11112618020.0
TPM_HS,Bilateral imports,HS_M_0010,"Bilateral imports by detailed HS codes (2,4,6 digit)",840,United States of America,156,China,HS,Harmonized System,91,Clocks and watches and parts thereof,A,Annual,A,Annual,USD,US$,2019,,,,568397445.0
TPM_HS,Bilateral imports,HS_M_0010,"Bilateral imports by detailed HS codes (2,4,6 digit)",840,United States of America,156,China,HS,Harmonized System,92,Musical instruments; parts and accessories of such articles,A,Annual,A,Annual,USD,US$,2019,,,,627466769.0
TPM_HS,Bilateral imports,HS_M_0010,"Bilateral imports by detailed HS codes (2,4,6 digit)",840,United States of America,156,China,HS,Harmonized System,94,"Furniture; bedding, mattresses, mattress supports, cushions and similar stuffed furnishings; lamps and lighting fittings, not elsewhere specified or included; illuminated signs, illuminated nameplates",A,Annual,A,Annual,USD,US$,2019,,,,26434969071.0
TPM_HS,Bilateral imports,HS_M_0010,"Bilateral imports by detailed HS codes (2,4,6 digit)",840,United States of America,156,China,HS,Harmonized System,95,"Toys, games and sports requisites; parts and accessories thereof",A,Annual,A,Annual,USD,US$,2019,,,,25294516780.0
TPM_HS,Bilateral imports,HS_M_0010,"Bilateral imports by detailed HS codes (2,4,6 digit)",840,United States of America,156,China,HS,Harmonized System,97,"Works of art, collectors' pieces and antiques",A,Annual,A,Annual,USD,US$,2019,,,,320281689.0
TPM_HS,Bilateral imports,HS_M_0010,"Bilateral imports by detailed HS codes (2,4,6 digit)",840,United States of America,156,China,HS,Harmonized System,010611,Primates,A,Annual,A,Annual,USD,US$,2020,,,,1870150.0
TPM_HS,Bilateral imports,HS_M_0010,"Bilateral imports by detailed HS codes (2,4,6 digit)",840,United States of America,156,China,HS,Harmonized System,010619,Other,A,Annual,A,Annual,USD,US$,2020,,,,930304.0
TPM_HS,Bilateral imports,HS_M_0010,"Bilateral imports by detailed HS codes (2,4,6 digit)",840,United States of America,156,China,HS,Harmonized System,010649,Other,A,Annual,A,Annual,USD,US$,2020,,,,18558.0
TPM_HS,Bilateral imports,HS_M_0010,"Bilateral imports by detailed HS codes (2,4,6 digit)",840,United States of America,156,China,HS,Harmonized System,14,Vegetable plaiting materials; vegetable products not elsewhere specified or included,A,Annual,A,Annual,USD,US$,2020,,,,22774391.0
TPM_HS,Bilateral imports,HS_M_0010,"Bilateral imports by detailed HS codes (2,4,6 digit)",840,United States of America,156,China,HS,Harmonized System,16,"Preparations of meat, of fish or of crustaceans, molluscs or other aquatic invertebrates",A,Annual,A,Annual,USD,US$,2020,,,,269738994.0
TPM_HS,Bilateral imports,HS_M_0010,"Bilateral imports by detailed HS codes (2,4,6 digit)",840,United States of America,156,China,HS,Harmonized System,23,Residues and waste from the food industries; prepared animal fodder,A,Annual,A,Annual,USD,US$,2020,,,,262307260.0
TPM_HS,Bilateral imports,HS_M_0010,"Bilateral imports by detailed HS codes (2,4,6 digit)",840,United States of America,156,China,HS,Harmonized System,30,Pharmaceutical products,A,Annual,A,Annual,USD,US$,2020,,,,2186083862.0
TPM_HS,Bilateral imports,HS_M_0010,"Bilateral imports by detailed HS codes (2,4,6 digit)",840,United States of America,156,China,HS,Harmonized System,31,Fertilisers,A,Annual,A,Annual,USD,US$,2020,,,,20138405.0
TPM_HS,Bilateral imports,HS_M_0010,"Bilateral imports by detailed HS codes (2,4,6 digit)",840,United States of America,156,China,HS,Harmonized System,32,"Tanning or dyeing extracts; tannins and their derivatives; dyes, pigments and other colouring matter; paints and varnishes; putty and other mastics; inks",A,Annual,A,Annual,USD,US$,2020,,,,397954767.0
TPM_HS,Bilateral imports,HS_M_0010,"Bilateral imports by detailed HS codes (2,4,6 digit)",840,United States of America,156,China,HS,Harmonized System,37,Photographic or cinematographic goods,A,Annual,A,Annual,USD,US$,2020,,,,10619369.0
TPM_HS,Bilateral imports,HS_M_0010,"Bilateral imports by detailed HS codes (2,4,6 digit)",840,United States of America,156,China,HS,Harmonized System,39,Plastics and articles thereof,A,Annual,A,Annual,USD,US$,2020,,,,19934661839.0
TPM_HS,Bilateral imports,HS_M_0010,"Bilateral imports by detailed HS codes (2,4,6 digit)",840,United States of America,156,China,HS,Harmonized System,41,Raw hides and skins (other than furskins) and leather,A,Annual,A,Annual,USD,US$,2020,,,,10593834.0
TPM_HS,Bilateral imports,HS_M_0010,"Bilateral imports by detailed HS codes (2,4,6 digit)",840,United States of America,156,China,HS,Harmonized System,42,"Articles of leather; saddlery and harness; travel goods, handbags and similar containers; articles of animal gut (other than silkworm gut)",A,Annual,A,Annual,USD,US$,2020,,,,3160804305.0
TPM_HS,Bilateral imports,HS_M_0010,"Bilateral imports by detailed HS codes (2,4,6 digit)",840,United States of America,156,China,HS,Harmonized System,45,Cork and articles of cork,A,Annual,A,Annual,USD,US$,2020,,,,14743673.0
TPM_HS,Bilateral imports,HS_M_0010,"Bilateral imports by detailed HS codes (2,4,6 digit)",840,United States of America,156,China,HS,Harmonized System,49,"Printed books, newspapers, pictures and other products of the printing industry; manuscripts, typescripts and plans",A,Annual,A,Annual,USD,US$,2020,,,,1842011796.0
TPM_HS,Bilateral imports,HS_M_0010,"Bilateral imports by detailed HS codes (2,4,6 digit)",840,United States of America,156,China,HS,Harmonized System,50,Silk,A,Annual,A,Annual,USD,US$,2020,,,,15488104.0
TPM_HS,Bilateral imports,HS_M_0010,"Bilateral imports by detailed HS codes (2,4,6 digit)",840,United States of America,156,China,HS,Harmonized System,51,"Wool, fine or coarse animal hair; horsehair yarn and woven fabric",A,Annual,A,Annual,USD,US$,2020,,,,4970317.0
TPM_HS,Bilateral imports,HS_M_0010,"Bilateral imports by detailed HS codes (2,4,6 digit)",840,United States of America,156,China,HS,Harmonized System,54,Manmade filaments,A,Annual,A,Annual,USD,US$,2020,,,,268092579.0
TPM_HS,Bilateral imports,HS_M_0010,"Bilateral imports by detailed HS codes (2,4,6 digit)",840,United States of America,156,China,HS,Harmonized System,56,"Wadding, felt and nonwovens; special yarns; twine, cordage, ropes and cables and articles thereof",A,Annual,A,Annual,USD,US$,2020,,,,885745964.0
TPM_HS,Bilateral imports,HS_M_0010,"Bilateral imports by detailed HS codes (2,4,6 digit)",840,United States of America,156,China,HS,Harmonized System,68,"Articles of stone, plaster, cement, asbestos, mica or similar materials",A,Annual,A,Annual,USD,US$,2020,,,,912733058.0
TPM_HS,Bilateral imports,HS_M_0010,"Bilateral imports by detailed HS codes (2,4,6 digit)",840,United States of America,156,China,HS,Harmonized System,69,Ceramic products,A,Annual,A,Annual,USD,US$,2020,,,,1864404872.0
TPM_HS,Bilateral imports,HS_M_0010,"Bilateral imports by detailed HS codes (2,4,6 digit)",840,United States of America,156,China,HS,Harmonized System,71,"Natural or cultured pearls, precious or semiprecious stones, precious metals, metals clad with precious metal, and articles thereof; imitation jewellery; coin",A,Annual,A,Annual,USD,US$,2020,,,,1271770752.0
TPM_HS,Bilateral imports,HS_M_0010,"Bilateral imports by detailed HS codes (2,4,6 digit)",840,United States of America,156,China,HS,Harmonized System,72,Iron and steel,A,Annual,A,Annual,USD,US$,2020,,,,304660200.0
TPM_HS,Bilateral imports,HS_M_0010,"Bilateral imports by detailed HS codes (2,4,6 digit)",840,United States of America,156,China,HS,Harmonized System,78,Lead and articles thereof,A,Annual,A,Annual,USD,US$,2020,,,,10833882.0
TPM_HS,Bilateral imports,HS_M_0010,"Bilateral imports by detailed HS codes (2,4,6 digit)",840,United States of America,156,China,HS,Harmonized System,79,Zinc and articles thereof,A,Annual,A,Annual,USD,US$,2020,,,,105182415.0
TPM_HS,Bilateral imports,HS_M_0010,"Bilateral imports by detailed HS codes (2,4,6 digit)",840,United States of America,156,China,HS,Harmonized System,81,Other base metals; cermets; articles thereof,A,Annual,A,Annual,USD,US$,2020,,,,326893452.0
TPM_HS,Bilateral imports,HS_M_0010,"Bilateral imports by detailed HS codes (2,4,6 digit)",840,United States of America,156,China,HS,Harmonized System,82,"Tools, implements, cutlery, spoons and forks, of base metal; parts thereof of base metal",A,Annual,A,Annual,USD,US$,2020,,,,3784641958.0
TPM_HS,Bilateral imports,HS_M_0010,"Bilateral imports by detailed HS codes (2,4,6 digit)",840,United States of America,156,China,HS,Harmonized System,88,"Aircraft, spacecraft, and parts thereof",A,Annual,A,Annual,USD,US$,2020,,,,254097843.0
TPM_HS,Bilateral imports,HS_M_0010,"Bilateral imports by detailed HS codes (2,4,6 digit)",840,United States of America,156,China,HS,Harmonized System,95,"Toys, games and sports requisites; parts and accessories thereof",A,Annual,A,Annual,USD,US$,2020,,,,26267417995.0
TPM_HS,Bilateral imports,HS_M_0010,"Bilateral imports by detailed HS codes (2,4,6 digit)",840,United States of America,156,China,HS,Harmonized System,96,Miscellaneous manufactured articles,A,Annual,A,Annual,USD,US$,2020,,,,3198709763.0
TPM_HS,Bilateral imports,HS_M_0010,"Bilateral imports by detailed HS codes (2,4,6 digit)",840,United States of America,156,China,HS,Harmonized System,01,Live animals,A,Annual,A,Annual,USD,US$,2021,,,,4189968.0
TPM_HS,Bilateral imports,HS_M_0010,"Bilateral imports by detailed HS codes (2,4,6 digit)",840,United States of America,156,China,HS,Harmonized System,04,"Dairy produce; birds' eggs; natural honey; edible products of animal origin, not elsewhere specified or included",A,Annual,A,Annual,USD,US$,2021,,,,8428496.0
TPM_HS,Bilateral imports,HS_M_0010,"Bilateral imports by detailed HS codes (2,4,6 digit)",840,United States of America,156,China,HS,Harmonized System,05,"Products of animal origin, not elsewhere specified or included",A,Annual,A,Annual,USD,US$,2021,,,,209727977.0
TPM_HS,Bilateral imports,HS_M_0010,"Bilateral imports by detailed HS codes (2,4,6 digit)",840,United States of America,156,China,HS,Harmonized System,10,Cereals,A,Annual,A,Annual,USD,US$,2021,,,,25622111.0
TPM_HS,Bilateral imports,HS_M_0010,"Bilateral imports by detailed HS codes (2,4,6 digit)",840,United States of America,156,China,HS,Harmonized System,11,Products of the milling industry; malt; starches; inulin; wheat gluten,A,Annual,A,Annual,USD,US$,2021,,,,50192996.0
TPM_HS,Bilateral imports,HS_M_0010,"Bilateral imports by detailed HS codes (2,4,6 digit)",840,United States of America,156,China,HS,Harmonized System,12,"Oil seeds and oleaginous fruits; miscellaneous grains, seeds and fruit; industrial or medicinal plants; straw and fodder",A,Annual,A,Annual,USD,US$,2021,,,,176074413.0
TPM_HS,Bilateral imports,HS_M_0010,"Bilateral imports by detailed HS codes (2,4,6 digit)",840,United States of America,156,China,HS,Harmonized System,14,Vegetable plaiting materials; vegetable products not elsewhere specified or included,A,Annual,A,Annual,USD,US$,2021,,,,24140768.0
TPM_HS,Bilateral imports,HS_M_0010,"Bilateral imports by detailed HS codes (2,4,6 digit)",840,United States of America,156,China,HS,Harmonized System,15,Animal or vegetable fats and oils and their cleavage products; prepared edible fats; animal or vegetable waxes,A,Annual,A,Annual,USD,US$,2021,,,,59209589.0
TPM_HS,Bilateral imports,HS_M_0010,"Bilateral imports by detailed HS codes (2,4,6 digit)",840,United States of America,156,China,HS,Harmonized System,19,"Preparations of cereals, flour, starch or milk; pastrycooks' products",A,Annual,A,Annual,USD,US$,2021,,,,207453705.0
TPM_HS,Bilateral imports,HS_M_0010,"Bilateral imports by detailed HS codes (2,4,6 digit)",840,United States of America,156,China,HS,Harmonized System,22,"Beverages, spirits and vinegar",A,Annual,A,Annual,USD,US$,2021,,,,38555538.0
TPM_HS,Bilateral imports,HS_M_0010,"Bilateral imports by detailed HS codes (2,4,6 digit)",840,United States of America,156,China,HS,Harmonized System,26,"Ores, slag and ash",A,Annual,A,Annual,USD,US$,2021,,,,66309078.0
TPM_HS,Bilateral imports,HS_M_0010,"Bilateral imports by detailed HS codes (2,4,6 digit)",840,United States of America,156,China,HS,Harmonized System,34,"Soap, organic surfaceactive agents, washing preparations, lubricating preparations, artificial waxes, prepared waxes, polishing or scouring preparations, candles and similar articles, modelling pastes",A,Annual,A,Annual,USD,US$,2021,,,,634197355.0
TPM_HS,Bilateral imports,HS_M_0010,"Bilateral imports by detailed HS codes (2,4,6 digit)",840,United States of America,156,China,HS,Harmonized System,35,Albuminoidal substances; modified starches; glues; enzymes,A,Annual,A,Annual,USD,US$,2021,,,,391722506.0
TPM_HS,Bilateral imports,HS_M_0010,"Bilateral imports by detailed HS codes (2,4,6 digit)",840,United States of America,156,China,HS,Harmonized System,46,"Manufactures of straw, of esparto or of other plaiting materials; basketware and wickerwork",A,Annual,A,Annual,USD,US$,2021,,,,313648430.0
TPM_HS,Bilateral imports,HS_M_0010,"Bilateral imports by detailed HS codes (2,4,6 digit)",840,United States of America,156,China,HS,Harmonized System,48,"Paper and paperboard; articles of paper pulp, of paper or of paperboard",A,Annual,A,Annual,USD,US$,2021,,,,2596438708.0
TPM_HS,Bilateral imports,HS_M_0010,"Bilateral imports by detailed HS codes (2,4,6 digit)",840,United States of America,156,China,HS,Harmonized System,51,"Wool, fine or coarse animal hair; horsehair yarn and woven fabric",A,Annual,A,Annual,USD,US$,2021,,,,7544809.0
TPM_HS,Bilateral imports,HS_M_0010,"Bilateral imports by detailed HS codes (2,4,6 digit)",840,United States of America,156,China,HS,Harmonized System,55,Manmade staple fibres,A,Annual,A,Annual,USD,US$,2021,,,,224070691.0
TPM_HS,Bilateral imports,HS_M_0010,"Bilateral imports by detailed HS codes (2,4,6 digit)",840,United States of America,156,China,HS,Harmonized System,61,"Articles of apparel and clothing accessories, knitted or crocheted",A,Annual,A,Annual,USD,US$,2021,,,,12152253114.0
TPM_HS,Bilateral imports,HS_M_0010,"Bilateral imports by detailed HS codes (2,4,6 digit)",840,United States of America,156,China,HS,Harmonized System,63,Other made up textile articles; sets; worn clothing and worn textile articles; rags,A,Annual,A,Annual,USD,US$,2021,,,,10996913201.0
TPM_HS,Bilateral imports,HS_M_0010,"Bilateral imports by detailed HS codes (2,4,6 digit)",840,United States of America,156,China,HS,Harmonized System,69,Ceramic products,A,Annual,A,Annual,USD,US$,2021,,,,2521757016.0
TPM_HS,Bilateral imports,HS_M_0010,"Bilateral imports by detailed HS codes (2,4,6 digit)",840,United States of America,156,China,HS,Harmonized System,73,Articles of iron or steel,A,Annual,A,Annual,USD,US$,2021,,,,13539731435.0
TPM_HS,Bilateral imports,HS_M_0010,"Bilateral imports by detailed HS codes (2,4,6 digit)",840,United States of America,156,China,HS,Harmonized System,81,Other base metals; cermets; articles thereof,A,Annual,A,Annual,USD,US$,2021,,,,391585911.0
TPM_HS,Bilateral imports,HS_M_0010,"Bilateral imports by detailed HS codes (2,4,6 digit)",840,United States of America,156,China,HS,Harmonized System,82,"Tools, implements, cutlery, spoons and forks, of base metal; parts thereof of base metal",A,Annual,A,Annual,USD,US$,2021,,,,4097868714.0
TPM_HS,Bilateral imports,HS_M_0010,"Bilateral imports by detailed HS codes (2,4,6 digit)",840,United States of America,156,China,HS,Harmonized System,90,"Optical, photographic, cinematographic, measuring, checking, precision, medical or surgical instruments and apparatus; parts and accessories thereof",A,Annual,A,Annual,USD,US$,2021,,,,13142478009.0
TPM_HS,Bilateral imports,HS_M_0010,"Bilateral imports by detailed HS codes (2,4,6 digit)",840,United States of America,156,China,HS,Harmonized System,96,Miscellaneous manufactured articles,A,Annual,A,Annual,USD,US$,2021,,,,3842063625.0
TPM_HS,Bilateral imports,HS_M_0010,"Bilateral imports by detailed HS codes (2,4,6 digit)",840,United States of America,156,China,HS,Harmonized System,45,Cork and articles of cork,A,Annual,A,Annual,USD,US$,2022,,,,15209591.0
TPM_HS,Bilateral imports,HS_M_0010,"Bilateral imports by detailed HS codes (2,4,6 digit)",840,United States of America,156,China,HS,Harmonized System,010619,Other,A,Annual,A,Annual,USD,US$,2018,,,,168650.0
TPM_HS,Bilateral imports,HS_M_0010,"Bilateral imports by detailed HS codes (2,4,6 digit)",840,United States of America,156,China,HS,Harmonized System,010649,Other,A,Annual,A,Annual,USD,US$,2018,,,,3000.0
TPM_HS,Bilateral imports,HS_M_0010,"Bilateral imports by detailed HS codes (2,4,6 digit)",840,United States of America,156,China,HS,Harmonized System,04,"Dairy produce; birds' eggs; natural honey; edible products of animal origin, not elsewhere specified or included",A,Annual,A,Annual,USD,US$,2018,,,,11664657.0
TPM_HS,Bilateral imports,HS_M_0010,"Bilateral imports by detailed HS codes (2,4,6 digit)",840,United States of America,156,China,HS,Harmonized System,07,Edible vegetables and certain roots and tubers,A,Annual,A,Annual,USD,US$,2018,,,,396689145.0
TPM_HS,Bilateral imports,HS_M_0010,"Bilateral imports by detailed HS codes (2,4,6 digit)",840,United States of America,156,China,HS,Harmonized System,12,"Oil seeds and oleaginous fruits; miscellaneous grains, seeds and fruit; industrial or medicinal plants; straw and fodder",A,Annual,A,Annual,USD,US$,2018,,,,283515376.0
TPM_HS,Bilateral imports,HS_M_0010,"Bilateral imports by detailed HS codes (2,4,6 digit)",840,United States of America,156,China,HS,Harmonized System,15,Animal or vegetable fats and oils and their cleavage products; prepared edible fats; animal or vegetable waxes,A,Annual,A,Annual,USD,US$,2018,,,,60419535.0
TPM_HS,Bilateral imports,HS_M_0010,"Bilateral imports by detailed HS codes (2,4,6 digit)",840,United States of America,156,China,HS,Harmonized System,25,"Salt; sulphur; earths and stone; plastering materials, lime and cement",A,Annual,A,Annual,USD,US$,2018,,,,554478108.0
TPM_HS,Bilateral imports,HS_M_0010,"Bilateral imports by detailed HS codes (2,4,6 digit)",840,United States of America,156,China,HS,Harmonized System,28,"Inorganic chemicals; organic or inorganic compounds of precious metals, of rareearth metals, of radioactive elements or of isotopes",A,Annual,A,Annual,USD,US$,2018,,,,1680700713.0
TPM_HS,Bilateral imports,HS_M_0010,"Bilateral imports by detailed HS codes (2,4,6 digit)",840,United States of America,156,China,HS,Harmonized System,32,"Tanning or dyeing extracts; tannins and their derivatives; dyes, pigments and other colouring matter; paints and varnishes; putty and other mastics; inks",A,Annual,A,Annual,USD,US$,2018,,,,669543679.0
TPM_HS,Bilateral imports,HS_M_0010,"Bilateral imports by detailed HS codes (2,4,6 digit)",840,United States of America,156,China,HS,Harmonized System,41,Raw hides and skins (other than furskins) and leather,A,Annual,A,Annual,USD,US$,2018,,,,26387665.0
TPM_HS,Bilateral imports,HS_M_0010,"Bilateral imports by detailed HS codes (2,4,6 digit)",840,United States of America,156,China,HS,Harmonized System,44,Wood and articles of wood; wood charcoal,A,Annual,A,Annual,USD,US$,2018,,,,4120529137.0
TPM_HS,Bilateral imports,HS_M_0010,"Bilateral imports by detailed HS codes (2,4,6 digit)",840,United States of America,156,China,HS,Harmonized System,47,Pulp of wood or of other fibrous cellulosic material; recovered (waste and scrap) paper and paperboard,A,Annual,A,Annual,USD,US$,2018,,,,6926039.0
TPM_HS,Bilateral imports,HS_M_0010,"Bilateral imports by detailed HS codes (2,4,6 digit)",840,United States of America,156,China,HS,Harmonized System,51,"Wool, fine or coarse animal hair; horsehair yarn and woven fabric",A,Annual,A,Annual,USD,US$,2018,,,,24632919.0
TPM_HS,Bilateral imports,HS_M_0010,"Bilateral imports by detailed HS codes (2,4,6 digit)",840,United States of America,156,China,HS,Harmonized System,52,Cotton,A,Annual,A,Annual,USD,US$,2018,,,,237277203.0
TPM_HS,Bilateral imports,HS_M_0010,"Bilateral imports by detailed HS codes (2,4,6 digit)",840,United States of America,156,China,HS,Harmonized System,60,Knitted or crocheted fabrics,A,Annual,A,Annual,USD,US$,2018,,,,429218562.0
TPM_HS,Bilateral imports,HS_M_0010,"Bilateral imports by detailed HS codes (2,4,6 digit)",840,United States of America,156,China,HS,Harmonized System,66,"Umbrellas, sun umbrellas, walkingsticks, seatsticks, whips, ridingcrops and parts thereof",A,Annual,A,Annual,USD,US$,2018,,,,577314477.0
TPM_HS,Bilateral imports,HS_M_0010,"Bilateral imports by detailed HS codes (2,4,6 digit)",840,United States of America,156,China,HS,Harmonized System,73,Articles of iron or steel,A,Annual,A,Annual,USD,US$,2018,,,,13190606586.0
TPM_HS,Bilateral imports,HS_M_0010,"Bilateral imports by detailed HS codes (2,4,6 digit)",840,United States of America,156,China,HS,Harmonized System,74,Copper and articles thereof,A,Annual,A,Annual,USD,US$,2018,,,,624032856.0
TPM_HS,Bilateral imports,HS_M_0010,"Bilateral imports by detailed HS codes (2,4,6 digit)",840,United States of America,156,China,HS,Harmonized System,76,Aluminium and articles thereof,A,Annual,A,Annual,USD,US$,2018,,,,2813306361.0
TPM_HS,Bilateral imports,HS_M_0010,"Bilateral imports by detailed HS codes (2,4,6 digit)",840,United States of America,156,China,HS,Harmonized System,91,Clocks and watches and parts thereof,A,Annual,A,Annual,USD,US$,2018,,,,631983677.0
TPM_HS,Bilateral imports,HS_M_0010,"Bilateral imports by detailed HS codes (2,4,6 digit)",840,United States of America,156,China,HS,Harmonized System,92,Musical instruments; parts and accessories of such articles,A,Annual,A,Annual,USD,US$,2018,,,,603704652.0
TPM_HS,Bilateral imports,HS_M_0010,"Bilateral imports by detailed HS codes (2,4,6 digit)",840,United States of America,156,China,HS,Harmonized System,95,"Toys, games and sports requisites; parts and accessories thereof",A,Annual,A,Annual,USD,US$,2018,,,,26613493202.0
TPM_HS,Bilateral imports,HS_M_0010,"Bilateral imports by detailed HS codes (2,4,6 digit)",840,United States of America,156,China,HS,Harmonized System,01,Live animals,A,Annual,A,Annual,USD,US$,2019,,,,36983926.0
TPM_HS,Bilateral imports,HS_M_0010,"Bilateral imports by detailed HS codes (2,4,6 digit)",840,United States of America,156,China,HS,Harmonized System,010613,Camels and other camelids (Camelidae),A,Annual,A,Annual,USD,US$,2019,,,,7200.0
TPM_HS,Bilateral imports,HS_M_0010,"Bilateral imports by detailed HS codes (2,4,6 digit)",840,United States of America,156,China,HS,Harmonized System,02,Meat and edible meat offal,A,Annual,A,Annual,USD,US$,2019,,,,9147344.0
TPM_HS,Bilateral imports,HS_M_0010,"Bilateral imports by detailed HS codes (2,4,6 digit)",840,United States of America,156,China,HS,Harmonized System,05,"Products of animal origin, not elsewhere specified or included",A,Annual,A,Annual,USD,US$,2019,,,,254888863.0
TPM_HS,Bilateral imports,HS_M_0010,"Bilateral imports by detailed HS codes (2,4,6 digit)",840,United States of America,156,China,HS,Harmonized System,10,Cereals,A,Annual,A,Annual,USD,US$,2019,,,,24318645.0
TPM_HS,Bilateral imports,HS_M_0010,"Bilateral imports by detailed HS codes (2,4,6 digit)",840,United States of America,156,China,HS,Harmonized System,17,Sugars and sugar confectionery,A,Annual,A,Annual,USD,US$,2019,,,,123750448.0
TPM_HS,Bilateral imports,HS_M_0010,"Bilateral imports by detailed HS codes (2,4,6 digit)",840,United States of America,156,China,HS,Harmonized System,21,Miscellaneous edible preparations,A,Annual,A,Annual,USD,US$,2019,,,,469993572.0
TPM_HS,Bilateral imports,HS_M_0010,"Bilateral imports by detailed HS codes (2,4,6 digit)",840,United States of America,156,China,HS,Harmonized System,23,Residues and waste from the food industries; prepared animal fodder,A,Annual,A,Annual,USD,US$,2019,,,,214376612.0
TPM_HS,Bilateral imports,HS_M_0010,"Bilateral imports by detailed HS codes (2,4,6 digit)",840,United States of America,156,China,HS,Harmonized System,27,"Mineral fuels, mineral oils and products of their distillation; bituminous substances; mineral waxes",A,Annual,A,Annual,USD,US$,2019,,,,185181463.0
TPM_HS,Bilateral imports,HS_M_0010,"Bilateral imports by detailed HS codes (2,4,6 digit)",840,United States of America,156,China,HS,Harmonized System,36,Explosives; pyrotechnic products; matches; pyrophoric alloys; certain combustible preparations,A,Annual,A,Annual,USD,US$,2019,,,,333996659.0
TPM_HS,Bilateral imports,HS_M_0010,"Bilateral imports by detailed HS codes (2,4,6 digit)",840,United States of America,156,China,HS,Harmonized System,38,Miscellaneous chemical products,A,Annual,A,Annual,USD,US$,2019,,,,1284743006.0
TPM_HS,Bilateral imports,HS_M_0010,"Bilateral imports by detailed HS codes (2,4,6 digit)",840,United States of America,156,China,HS,Harmonized System,43,Furskins and artificial fur; manufactures thereof,A,Annual,A,Annual,USD,US$,2019,,,,37850241.0
TPM_HS,Bilateral imports,HS_M_0010,"Bilateral imports by detailed HS codes (2,4,6 digit)",840,United States of America,156,China,HS,Harmonized System,45,Cork and articles of cork,A,Annual,A,Annual,USD,US$,2019,,,,17863538.0
TPM_HS,Bilateral imports,HS_M_0010,"Bilateral imports by detailed HS codes (2,4,6 digit)",840,United States of America,156,China,HS,Harmonized System,46,"Manufactures of straw, of esparto or of other plaiting materials; basketware and wickerwork",A,Annual,A,Annual,USD,US$,2019,,,,251884344.0
TPM_HS,Bilateral imports,HS_M_0010,"Bilateral imports by detailed HS codes (2,4,6 digit)",840,United States of America,156,China,HS,Harmonized System,49,"Printed books, newspapers, pictures and other products of the printing industry; manuscripts, typescripts and plans",A,Annual,A,Annual,USD,US$,2019,,,,2437681762.0
TPM_HS,Bilateral imports,HS_M_0010,"Bilateral imports by detailed HS codes (2,4,6 digit)",840,United States of America,156,China,HS,Harmonized System,50,Silk,A,Annual,A,Annual,USD,US$,2019,,,,12384668.0
TPM_HS,Bilateral imports,HS_M_0010,"Bilateral imports by detailed HS codes (2,4,6 digit)",840,United States of America,156,China,HS,Harmonized System,53,Other vegetable textile fibres; paper yarn and woven fabrics of paper yarn,A,Annual,A,Annual,USD,US$,2019,,,,25336920.0
TPM_HS,Bilateral imports,HS_M_0010,"Bilateral imports by detailed HS codes (2,4,6 digit)",840,United States of America,156,China,HS,Harmonized System,58,Special woven fabrics; tufted textile fabrics; lace; tapestries; trimmings; embroidery,A,Annual,A,Annual,USD,US$,2019,,,,251463593.0
TPM_HS,Bilateral imports,HS_M_0010,"Bilateral imports by detailed HS codes (2,4,6 digit)",840,United States of America,156,China,HS,Harmonized System,59,"Impregnated, coated, covered or laminated textile fabrics; textile articles of a kind suitable for industrial use",A,Annual,A,Annual,USD,US$,2019,,,,413419441.0
TPM_HS,Bilateral imports,HS_M_0010,"Bilateral imports by detailed HS codes (2,4,6 digit)",840,United States of America,156,China,HS,Harmonized System,61,"Articles of apparel and clothing accessories, knitted or crocheted",A,Annual,A,Annual,USD,US$,2019,,,,13767289897.0
TPM_HS,Bilateral imports,HS_M_0010,"Bilateral imports by detailed HS codes (2,4,6 digit)",840,United States of America,156,China,HS,Harmonized System,62,"Articles of apparel and clothing accessories, not knitted or crocheted",A,Annual,A,Annual,USD,US$,2019,,,,11919283905.0
TPM_HS,Bilateral imports,HS_M_0010,"Bilateral imports by detailed HS codes (2,4,6 digit)",840,United States of America,156,China,HS,Harmonized System,63,Other made up textile articles; sets; worn clothing and worn textile articles; rags,A,Annual,A,Annual,USD,US$,2019,,,,8870686150.0
TPM_HS,Bilateral imports,HS_M_0010,"Bilateral imports by detailed HS codes (2,4,6 digit)",840,United States of America,156,China,HS,Harmonized System,64,"Footwear, gaiters and the like; parts of such articles",A,Annual,A,Annual,USD,US$,2019,,,,13279278880.0
TPM_HS,Bilateral imports,HS_M_0010,"Bilateral imports by detailed HS codes (2,4,6 digit)",840,United States of America,156,China,HS,Harmonized System,67,Prepared feathers and down and articles made of feathers or of down; artificial flowers; articles of human hair,A,Annual,A,Annual,USD,US$,2019,,,,2009503836.0
TPM_HS,Bilateral imports,HS_M_0010,"Bilateral imports by detailed HS codes (2,4,6 digit)",840,United States of America,156,China,HS,Harmonized System,79,Zinc and articles thereof,A,Annual,A,Annual,USD,US$,2019,,,,142344723.0
TPM_HS,Bilateral imports,HS_M_0010,"Bilateral imports by detailed HS codes (2,4,6 digit)",840,United States of America,156,China,HS,Harmonized System,87,"Vehicles other than railway or tramway rollingstock, and parts and accessories thereof",A,Annual,A,Annual,USD,US$,2019,,,,13137067545.0
TPM_HS,Bilateral imports,HS_M_0010,"Bilateral imports by detailed HS codes (2,4,6 digit)",840,United States of America,156,China,HS,Harmonized System,96,Miscellaneous manufactured articles,A,Annual,A,Annual,USD,US$,2019,,,,3397694185.0
TPM_HS,Bilateral imports,HS_M_0010,"Bilateral imports by detailed HS codes (2,4,6 digit)",840,United States of America,156,China,HS,Harmonized System,03,"Fish and crustaceans, molluscs and other aquatic invertebrates",A,Annual,A,Annual,USD,US$,2020,,,,1359505642.0
TPM_HS,Bilateral imports,HS_M_0010,"Bilateral imports by detailed HS codes (2,4,6 digit)",840,United States of America,156,China,HS,Harmonized System,04,"Dairy produce; birds' eggs; natural honey; edible products of animal origin, not elsewhere specified or included",A,Annual,A,Annual,USD,US$,2020,,,,10837257.0
TPM_HS,Bilateral imports,HS_M_0010,"Bilateral imports by detailed HS codes (2,4,6 digit)",840,United States of America,156,China,HS,Harmonized System,11,Products of the milling industry; malt; starches; inulin; wheat gluten,A,Annual,A,Annual,USD,US$,2020,,,,51001790.0
TPM_HS,Bilateral imports,HS_M_0010,"Bilateral imports by detailed HS codes (2,4,6 digit)",840,United States of America,156,China,HS,Harmonized System,22,"Beverages, spirits and vinegar",A,Annual,A,Annual,USD,US$,2020,,,,33662041.0
TPM_HS,Bilateral imports,HS_M_0010,"Bilateral imports by detailed HS codes (2,4,6 digit)",840,United States of America,156,China,HS,Harmonized System,24,Tobacco and manufactured tobacco substitutes,A,Annual,A,Annual,USD,US$,2020,,,,1655896.0
TPM_HS,Bilateral imports,HS_M_0010,"Bilateral imports by detailed HS codes (2,4,6 digit)",840,United States of America,156,China,HS,Harmonized System,27,"Mineral fuels, mineral oils and products of their distillation; bituminous substances; mineral waxes",A,Annual,A,Annual,USD,US$,2020,,,,98658251.0
TPM_HS,Bilateral imports,HS_M_0010,"Bilateral imports by detailed HS codes (2,4,6 digit)",840,United States of America,156,China,HS,Harmonized System,35,Albuminoidal substances; modified starches; glues; enzymes,A,Annual,A,Annual,USD,US$,2020,,,,325537587.0
TPM_HS,Bilateral imports,HS_M_0010,"Bilateral imports by detailed HS codes (2,4,6 digit)",840,United States of America,156,China,HS,Harmonized System,38,Miscellaneous chemical products,A,Annual,A,Annual,USD,US$,2020,,,,2744045820.0
TPM_HS,Bilateral imports,HS_M_0010,"Bilateral imports by detailed HS codes (2,4,6 digit)",840,United States of America,156,China,HS,Harmonized System,40,Rubber and articles thereof,A,Annual,A,Annual,USD,US$,2020,,,,2791723880.0
TPM_HS,Bilateral imports,HS_M_0010,"Bilateral imports by detailed HS codes (2,4,6 digit)",840,United States of America,156,China,HS,Harmonized System,44,Wood and articles of wood; wood charcoal,A,Annual,A,Annual,USD,US$,2020,,,,2441684081.0
TPM_HS,Bilateral imports,HS_M_0010,"Bilateral imports by detailed HS codes (2,4,6 digit)",840,United States of America,156,China,HS,Harmonized System,47,Pulp of wood or of other fibrous cellulosic material; recovered (waste and scrap) paper and paperboard,A,Annual,A,Annual,USD,US$,2020,,,,4152695.0
TPM_HS,Bilateral imports,HS_M_0010,"Bilateral imports by detailed HS codes (2,4,6 digit)",840,United States of America,156,China,HS,Harmonized System,59,"Impregnated, coated, covered or laminated textile fabrics; textile articles of a kind suitable for industrial use",A,Annual,A,Annual,USD,US$,2020,,,,335918316.0
TPM_HS,Bilateral imports,HS_M_0010,"Bilateral imports by detailed HS codes (2,4,6 digit)",840,United States of America,156,China,HS,Harmonized System,61,"Articles of apparel and clothing accessories, knitted or crocheted",A,Annual,A,Annual,USD,US$,2020,,,,8919891809.0
TPM_HS,Bilateral imports,HS_M_0010,"Bilateral imports by detailed HS codes (2,4,6 digit)",840,United States of America,156,China,HS,Harmonized System,64,"Footwear, gaiters and the like; parts of such articles",A,Annual,A,Annual,USD,US$,2020,,,,8355672761.0
TPM_HS,Bilateral imports,HS_M_0010,"Bilateral imports by detailed HS codes (2,4,6 digit)",840,United States of America,156,China,HS,Harmonized System,70,Glass and glassware,A,Annual,A,Annual,USD,US$,2020,,,,2254587078.0
TPM_HS,Bilateral imports,HS_M_0010,"Bilateral imports by detailed HS codes (2,4,6 digit)",840,United States of America,156,China,HS,Harmonized System,74,Copper and articles thereof,A,Annual,A,Annual,USD,US$,2020,,,,365281113.0
TPM_HS,Bilateral imports,HS_M_0010,"Bilateral imports by detailed HS codes (2,4,6 digit)",840,United States of America,156,China,HS,Harmonized System,93,Arms and ammunition; parts and accessories thereof,A,Annual,A,Annual,USD,US$,2020,,,,191056578.0
TPM_HS,Bilateral imports,HS_M_0010,"Bilateral imports by detailed HS codes (2,4,6 digit)",840,United States of America,156,China,HS,Harmonized System,0106,Other live animals.,A,Annual,A,Annual,USD,US$,2021,,,,4189968.0
TPM_HS,Bilateral imports,HS_M_0010,"Bilateral imports by detailed HS codes (2,4,6 digit)",840,United States of America,156,China,HS,Harmonized System,010619,Other,A,Annual,A,Annual,USD,US$,2021,,,,3910735.0
TPM_HS,Bilateral imports,HS_M_0010,"Bilateral imports by detailed HS codes (2,4,6 digit)",840,United States of America,156,China,HS,Harmonized System,02,Meat and edible meat offal,A,Annual,A,Annual,USD,US$,2021,,,,8047761.0
TPM_HS,Bilateral imports,HS_M_0010,"Bilateral imports by detailed HS codes (2,4,6 digit)",840,United States of America,156,China,HS,Harmonized System,03,"Fish and crustaceans, molluscs and other aquatic invertebrates",A,Annual,A,Annual,USD,US$,2021,,,,1317249323.0
TPM_HS,Bilateral imports,HS_M_0010,"Bilateral imports by detailed HS codes (2,4,6 digit)",840,United States of America,156,China,HS,Harmonized System,13,"Lac; gums, resins and other vegetable saps and extracts",A,Annual,A,Annual,USD,US$,2021,,,,316697855.0
TPM_HS,Bilateral imports,HS_M_0010,"Bilateral imports by detailed HS codes (2,4,6 digit)",840,United States of America,156,China,HS,Harmonized System,16,"Preparations of meat, of fish or of crustaceans, molluscs or other aquatic invertebrates",A,Annual,A,Annual,USD,US$,2021,,,,349567535.0
TPM_HS,Bilateral imports,HS_M_0010,"Bilateral imports by detailed HS codes (2,4,6 digit)",840,United States of America,156,China,HS,Harmonized System,20,"Preparations of vegetables, fruit, nuts or other parts of plants",A,Annual,A,Annual,USD,US$,2021,,,,741281328.0
TPM_HS,Bilateral imports,HS_M_0010,"Bilateral imports by detailed HS codes (2,4,6 digit)",840,United States of America,156,China,HS,Harmonized System,23,Residues and waste from the food industries; prepared animal fodder,A,Annual,A,Annual,USD,US$,2021,,,,322127342.0
TPM_HS,Bilateral imports,HS_M_0010,"Bilateral imports by detailed HS codes (2,4,6 digit)",840,United States of America,156,China,HS,Harmonized System,31,Fertilisers,A,Annual,A,Annual,USD,US$,2021,,,,22510005.0
TPM_HS,Bilateral imports,HS_M_0010,"Bilateral imports by detailed HS codes (2,4,6 digit)",840,United States of America,156,China,HS,Harmonized System,32,"Tanning or dyeing extracts; tannins and their derivatives; dyes, pigments and other colouring matter; paints and varnishes; putty and other mastics; inks",A,Annual,A,Annual,USD,US$,2021,,,,434775991.0
TPM_HS,Bilateral imports,HS_M_0010,"Bilateral imports by detailed HS codes (2,4,6 digit)",840,United States of America,156,China,HS,Harmonized System,36,Explosives; pyrotechnic products; matches; pyrophoric alloys; certain combustible preparations,A,Annual,A,Annual,USD,US$,2021,,,,488624292.0
TPM_HS,Bilateral imports,HS_M_0010,"Bilateral imports by detailed HS codes (2,4,6 digit)",840,United States of America,156,China,HS,Harmonized System,38,Miscellaneous chemical products,A,Annual,A,Annual,USD,US$,2021,,,,2238999170.0
TPM_HS,Bilateral imports,HS_M_0010,"Bilateral imports by detailed HS codes (2,4,6 digit)",840,United States of America,156,China,HS,Harmonized System,45,Cork and articles of cork,A,Annual,A,Annual,USD,US$,2021,,,,15828129.0
TPM_HS,Bilateral imports,HS_M_0010,"Bilateral imports by detailed HS codes (2,4,6 digit)",840,United States of America,156,China,HS,Harmonized System,50,Silk,A,Annual,A,Annual,USD,US$,2021,,,,9387133.0
TPM_HS,Bilateral imports,HS_M_0010,"Bilateral imports by detailed HS codes (2,4,6 digit)",840,United States of America,156,China,HS,Harmonized System,52,Cotton,A,Annual,A,Annual,USD,US$,2021,,,,78510073.0
TPM_HS,Bilateral imports,HS_M_0010,"Bilateral imports by detailed HS codes (2,4,6 digit)",840,United States of America,156,China,HS,Harmonized System,53,Other vegetable textile fibres; paper yarn and woven fabrics of paper yarn,A,Annual,A,Annual,USD,US$,2021,,,,23573100.0
TPM_HS,Bilateral imports,HS_M_0010,"Bilateral imports by detailed HS codes (2,4,6 digit)",840,United States of America,156,China,HS,Harmonized System,54,Manmade filaments,A,Annual,A,Annual,USD,US$,2021,,,,318538095.0
TPM_HS,Bilateral imports,HS_M_0010,"Bilateral imports by detailed HS codes (2,4,6 digit)",840,United States of America,156,China,HS,Harmonized System,58,Special woven fabrics; tufted textile fabrics; lace; tapestries; trimmings; embroidery,A,Annual,A,Annual,USD,US$,2021,,,,268940525.0
TPM_HS,Bilateral imports,HS_M_0010,"Bilateral imports by detailed HS codes (2,4,6 digit)",840,United States of America,156,China,HS,Harmonized System,60,Knitted or crocheted fabrics,A,Annual,A,Annual,USD,US$,2021,,,,284031663.0
TPM_HS,Bilateral imports,HS_M_0010,"Bilateral imports by detailed HS codes (2,4,6 digit)",840,United States of America,156,China,HS,Harmonized System,62,"Articles of apparel and clothing accessories, not knitted or crocheted",A,Annual,A,Annual,USD,US$,2021,,,,8374121874.0
TPM_HS,Bilateral imports,HS_M_0010,"Bilateral imports by detailed HS codes (2,4,6 digit)",840,United States of America,156,China,HS,Harmonized System,64,"Footwear, gaiters and the like; parts of such articles",A,Annual,A,Annual,USD,US$,2021,,,,11126279007.0
TPM_HS,Bilateral imports,HS_M_0010,"Bilateral imports by detailed HS codes (2,4,6 digit)",840,United States of America,156,China,HS,Harmonized System,67,Prepared feathers and down and articles made of feathers or of down; artificial flowers; articles of human hair,A,Annual,A,Annual,USD,US$,2021,,,,2437258659.0
TPM_HS,Bilateral imports,HS_M_0010,"Bilateral imports by detailed HS codes (2,4,6 digit)",840,United States of America,156,China,HS,Harmonized System,68,"Articles of stone, plaster, cement, asbestos, mica or similar materials",A,Annual,A,Annual,USD,US$,2021,,,,1158184674.0
TPM_HS,Bilateral imports,HS_M_0010,"Bilateral imports by detailed HS codes (2,4,6 digit)",840,United States of America,156,China,HS,Harmonized System,70,Glass and glassware,A,Annual,A,Annual,USD,US$,2021,,,,2834476686.0
TPM_HS,Bilateral imports,HS_M_0010,"Bilateral imports by detailed HS codes (2,4,6 digit)",840,United States of America,156,China,HS,Harmonized System,71,"Natural or cultured pearls, precious or semiprecious stones, precious metals, metals clad with precious metal, and articles thereof; imitation jewellery; coin",A,Annual,A,Annual,USD,US$,2021,,,,1876442785.0
TPM_HS,Bilateral imports,HS_M_0010,"Bilateral imports by detailed HS codes (2,4,6 digit)",840,United States of America,156,China,HS,Harmonized System,72,Iron and steel,A,Annual,A,Annual,USD,US$,2021,,,,514164051.0
TPM_HS,Bilateral imports,HS_M_0010,"Bilateral imports by detailed HS codes (2,4,6 digit)",840,United States of America,156,China,HS,Harmonized System,75,Nickel and articles thereof,A,Annual,A,Annual,USD,US$,2021,,,,25904326.0
TPM_HS,Bilateral imports,HS_M_0010,"Bilateral imports by detailed HS codes (2,4,6 digit)",840,United States of America,156,China,HS,Harmonized System,80,Tin and articles thereof,A,Annual,A,Annual,USD,US$,2021,,,,74977951.0
TPM_HS,Bilateral imports,HS_M_0010,"Bilateral imports by detailed HS codes (2,4,6 digit)",840,United States of America,156,China,HS,Harmonized System,83,Miscellaneous articles of base metal,A,Annual,A,Annual,USD,US$,2021,,,,5818600448.0
TPM_HS,Bilateral imports,HS_M_0010,"Bilateral imports by detailed HS codes (2,4,6 digit)",840,United States of America,156,China,HS,Harmonized System,85,"Electrical machinery and equipment and parts thereof; sound recorders and reproducers, television image and sound recorders and reproducers, and parts and accessories of such articles",A,Annual,A,Annual,USD,US$,2021,,,,128883492671.0
TPM_HS,Bilateral imports,HS_M_0010,"Bilateral imports by detailed HS codes (2,4,6 digit)",840,United States of America,156,China,HS,Harmonized System,86,"Railway or tramway locomotives, rollingstock and parts thereof; railway or tramway track fixtures and fittings and parts thereof; mechanical (including electromechanical) traffic signalling equipment ",A,Annual,A,Annual,USD,US$,2021,,,,822174927.0
TPM_HS,Bilateral imports,HS_M_0010,"Bilateral imports by detailed HS codes (2,4,6 digit)",840,United States of America,156,China,HS,Harmonized System,92,Musical instruments; parts and accessories of such articles,A,Annual,A,Annual,USD,US$,2021,,,,674844676.0
TPM_HS,Bilateral imports,HS_M_0010,"Bilateral imports by detailed HS codes (2,4,6 digit)",840,United States of America,156,China,HS,Harmonized System,0101,"Live horses, asses, mules and hinnies.",A,Annual,A,Annual,USD,US$,2022,,,,2706.0
TPM_HS,Bilateral imports,HS_M_0010,"Bilateral imports by detailed HS codes (2,4,6 digit)",840,United States of America,156,China,HS,Harmonized System,010599,Other,A,Annual,A,Annual,USD,US$,2022,,,,3489.0
TPM_HS,Bilateral imports,HS_M_0010,"Bilateral imports by detailed HS codes (2,4,6 digit)",840,United States of America,156,China,HS,Harmonized System,010649,Other,A,Annual,A,Annual,USD,US$,2022,,,,22958.0
TPM_HS,Bilateral imports,HS_M_0010,"Bilateral imports by detailed HS codes (2,4,6 digit)",840,United States of America,156,China,HS,Harmonized System,14,Vegetable plaiting materials; vegetable products not elsewhere specified or included,A,Annual,A,Annual,USD,US$,2022,,,,24283111.0
TPM_HS,Bilateral imports,HS_M_0010,"Bilateral imports by detailed HS codes (2,4,6 digit)",840,United States of America,156,China,HS,Harmonized System,16,"Preparations of meat, of fish or of crustaceans, molluscs or other aquatic invertebrates",A,Annual,A,Annual,USD,US$,2022,,,,322635870.0
TPM_HS,Bilateral imports,HS_M_0010,"Bilateral imports by detailed HS codes (2,4,6 digit)",840,United States of America,156,China,HS,Harmonized System,35,Albuminoidal substances; modified starches; glues; enzymes,A,Annual,A,Annual,USD,US$,2022,,,,472464706.0
TPM_HS,Bilateral imports,HS_M_0010,"Bilateral imports by detailed HS codes (2,4,6 digit)",840,United States of America,156,China,HS,Harmonized System,46,"Manufactures of straw, of esparto or of other plaiting materials; basketware and wickerwork",A,Annual,A,Annual,USD,US$,2022,,,,281593706.0
TPM_HS,Bilateral imports,HS_M_0010,"Bilateral imports by detailed HS codes (2,4,6 digit)",840,United States of America,156,China,HS,Harmonized System,48,"Paper and paperboard; articles of paper pulp, of paper or of paperboard",A,Annual,A,Annual,USD,US$,2022,,,,3133787197.0
TPM_HS,Bilateral imports,HS_M_0010,"Bilateral imports by detailed HS codes (2,4,6 digit)",840,United States of America,156,China,HS,Harmonized System,72,Iron and steel,A,Annual,A,Annual,USD,US$,2022,,,,970599165.0
TPM_HS,Bilateral imports,HS_M_0010,"Bilateral imports by detailed HS codes (2,4,6 digit)",840,United States of America,156,China,HS,Harmonized System,73,Articles of iron or steel,A,Annual,A,Annual,USD,US$,2022,,,,14175075550.0
TPM_HS,Bilateral imports,HS_M_0010,"Bilateral imports by detailed HS codes (2,4,6 digit)",840,United States of America,156,China,HS,Harmonized System,95,"Toys, games and sports requisites; parts and accessories thereof",A,Annual,A,Annual,USD,US$,2022,,,,39483826229.0
TPM_HS,Bilateral imports,HS_M_0010,"Bilateral imports by detailed HS codes (2,4,6 digit)",840,United States of America,156,China,HS,Harmonized System,08,Edible fruit and nuts; peel of citrus fruit or melons,A,Annual,A,Annual,USD,US$,2022,,,,178876537.0
TPM_HS,Bilateral imports,HS_M_0010,"Bilateral imports by detailed HS codes (2,4,6 digit)",840,United States of America,156,China,HS,Harmonized System,19,"Preparations of cereals, flour, starch or milk; pastrycooks' products",A,Annual,A,Annual,USD,US$,2022,,,,242331684.0
TPM_HS,Bilateral imports,HS_M_0010,"Bilateral imports by detailed HS codes (2,4,6 digit)",840,United States of America,156,China,HS,Harmonized System,22,"Beverages, spirits and vinegar",A,Annual,A,Annual,USD,US$,2022,,,,48095549.0
TPM_HS,Bilateral imports,HS_M_0010,"Bilateral imports by detailed HS codes (2,4,6 digit)",840,United States of America,156,China,HS,Harmonized System,25,"Salt; sulphur; earths and stone; plastering materials, lime and cement",A,Annual,A,Annual,USD,US$,2022,,,,514338656.0
TPM_HS,Bilateral imports,HS_M_0010,"Bilateral imports by detailed HS codes (2,4,6 digit)",840,United States of America,156,China,HS,Harmonized System,26,"Ores, slag and ash",A,Annual,A,Annual,USD,US$,2022,,,,60524608.0
TPM_HS,Bilateral imports,HS_M_0010,"Bilateral imports by detailed HS codes (2,4,6 digit)",840,United States of America,156,China,HS,Harmonized System,28,"Inorganic chemicals; organic or inorganic compounds of precious metals, of rareearth metals, of radioactive elements or of isotopes",A,Annual,A,Annual,USD,US$,2022,,,,2062548893.0
TPM_HS,Bilateral imports,HS_M_0010,"Bilateral imports by detailed HS codes (2,4,6 digit)",840,United States of America,156,China,HS,Harmonized System,97,"Works of art, collectors' pieces and antiques",A,Annual,A,Annual,USD,US$,2021,,,,140957882.0
TPM_HS,Bilateral imports,HS_M_0010,"Bilateral imports by detailed HS codes (2,4,6 digit)",840,United States of America,156,China,HS,Harmonized System,07,Edible vegetables and certain roots and tubers,A,Annual,A,Annual,USD,US$,2021,,,,306116243.0
TPM_HS,Bilateral imports,HS_M_0010,"Bilateral imports by detailed HS codes (2,4,6 digit)",840,United States of America,156,China,HS,Harmonized System,18,Cocoa and cocoa preparations,A,Annual,A,Annual,USD,US$,2021,,,,18202220.0
TPM_HS,Bilateral imports,HS_M_0010,"Bilateral imports by detailed HS codes (2,4,6 digit)",840,United States of America,156,China,HS,Harmonized System,21,Miscellaneous edible preparations,A,Annual,A,Annual,USD,US$,2021,,,,593565241.0
TPM_HS,Bilateral imports,HS_M_0010,"Bilateral imports by detailed HS codes (2,4,6 digit)",840,United States of America,156,China,HS,Harmonized System,95,"Toys, games and sports requisites; parts and accessories thereof",A,Annual,A,Annual,USD,US$,2021,,,,37179648614.0
TPM_HS,Bilateral imports,HS_M_0010,"Bilateral imports by detailed HS codes (2,4,6 digit)",840,United States of America,156,China,HS,Harmonized System,02,Meat and edible meat offal,A,Annual,A,Annual,USD,US$,2022,,,,7164861.0
TPM_HS,Bilateral imports,HS_M_0010,"Bilateral imports by detailed HS codes (2,4,6 digit)",840,United States of America,156,China,HS,Harmonized System,07,Edible vegetables and certain roots and tubers,A,Annual,A,Annual,USD,US$,2022,,,,349198237.0
TPM_HS,Bilateral imports,HS_M_0010,"Bilateral imports by detailed HS codes (2,4,6 digit)",840,United States of America,156,China,HS,Harmonized System,18,Cocoa and cocoa preparations,A,Annual,A,Annual,USD,US$,2022,,,,20243202.0
TPM_HS,Bilateral imports,HS_M_0010,"Bilateral imports by detailed HS codes (2,4,6 digit)",840,United States of America,156,China,HS,Harmonized System,20,"Preparations of vegetables, fruit, nuts or other parts of plants",A,Annual,A,Annual,USD,US$,2022,,,,947509342.0
TPM_HS,Bilateral imports,HS_M_0010,"Bilateral imports by detailed HS codes (2,4,6 digit)",840,United States of America,156,China,HS,Harmonized System,30,Pharmaceutical products,A,Annual,A,Annual,USD,US$,2022,,,,10218306579.0
TPM_HS,Bilateral imports,HS_M_0010,"Bilateral imports by detailed HS codes (2,4,6 digit)",840,United States of America,156,China,HS,Harmonized System,32,"Tanning or dyeing extracts; tannins and their derivatives; dyes, pigments and other colouring matter; paints and varnishes; putty and other mastics; inks",A,Annual,A,Annual,USD,US$,2022,,,,421796929.0
TPM_HS,Bilateral imports,HS_M_0010,"Bilateral imports by detailed HS codes (2,4,6 digit)",840,United States of America,156,China,HS,Harmonized System,34,"Soap, organic surfaceactive agents, washing preparations, lubricating preparations, artificial waxes, prepared waxes, polishing or scouring preparations, candles and similar articles, modelling pastes",A,Annual,A,Annual,USD,US$,2022,,,,649314937.0
TPM_HS,Bilateral imports,HS_M_0010,"Bilateral imports by detailed HS codes (2,4,6 digit)",840,United States of America,156,China,HS,Harmonized System,41,Raw hides and skins (other than furskins) and leather,A,Annual,A,Annual,USD,US$,2022,,,,10181466.0
TPM_HS,Bilateral imports,HS_M_0010,"Bilateral imports by detailed HS codes (2,4,6 digit)",840,United States of America,156,China,HS,Harmonized System,52,Cotton,A,Annual,A,Annual,USD,US$,2022,,,,64956378.0
TPM_HS,Bilateral imports,HS_M_0010,"Bilateral imports by detailed HS codes (2,4,6 digit)",840,United States of America,156,China,HS,Harmonized System,61,"Articles of apparel and clothing accessories, knitted or crocheted",A,Annual,A,Annual,USD,US$,2022,,,,12581010413.0
TPM_HS,Bilateral imports,HS_M_0010,"Bilateral imports by detailed HS codes (2,4,6 digit)",840,United States of America,156,China,HS,Harmonized System,64,"Footwear, gaiters and the like; parts of such articles",A,Annual,A,Annual,USD,US$,2022,,,,13632990377.0
TPM_HS,Bilateral imports,HS_M_0010,"Bilateral imports by detailed HS codes (2,4,6 digit)",840,United States of America,156,China,HS,Harmonized System,65,Headgear and parts thereof,A,Annual,A,Annual,USD,US$,2022,,,,1699776896.0
TPM_HS,Bilateral imports,HS_M_0010,"Bilateral imports by detailed HS codes (2,4,6 digit)",840,United States of America,156,China,HS,Harmonized System,21,Miscellaneous edible preparations,A,Annual,A,Annual,USD,US$,2022,,,,689342972.0
TPM_HS,Bilateral imports,HS_M_0010,"Bilateral imports by detailed HS codes (2,4,6 digit)",840,United States of America,156,China,HS,Harmonized System,23,Residues and waste from the food industries; prepared animal fodder,A,Annual,A,Annual,USD,US$,2022,,,,342581039.0
TPM_HS,Bilateral imports,HS_M_0010,"Bilateral imports by detailed HS codes (2,4,6 digit)",840,United States of America,156,China,HS,Harmonized System,24,Tobacco and manufactured tobacco substitutes,A,Annual,A,Annual,USD,US$,2022,,,,227057137.0
TPM_HS,Bilateral imports,HS_M_0010,"Bilateral imports by detailed HS codes (2,4,6 digit)",840,United States of America,156,China,HS,Harmonized System,36,Explosives; pyrotechnic products; matches; pyrophoric alloys; certain combustible preparations,A,Annual,A,Annual,USD,US$,2022,,,,614420925.0
TPM_HS,Bilateral imports,HS_M_0010,"Bilateral imports by detailed HS codes (2,4,6 digit)",840,United States of America,156,China,HS,Harmonized System,37,Photographic or cinematographic goods,A,Annual,A,Annual,USD,US$,2022,,,,29315656.0
TPM_HS,Bilateral imports,HS_M_0010,"Bilateral imports by detailed HS codes (2,4,6 digit)",840,United States of America,156,China,HS,Harmonized System,38,Miscellaneous chemical products,A,Annual,A,Annual,USD,US$,2022,,,,4790605141.0
TPM_HS,Bilateral imports,HS_M_0010,"Bilateral imports by detailed HS codes (2,4,6 digit)",840,United States of America,156,China,HS,Harmonized System,40,Rubber and articles thereof,A,Annual,A,Annual,USD,US$,2022,,,,3312202812.0
TPM_HS,Bilateral imports,HS_M_0010,"Bilateral imports by detailed HS codes (2,4,6 digit)",840,United States of America,156,China,HS,Harmonized System,49,"Printed books, newspapers, pictures and other products of the printing industry; manuscripts, typescripts and plans",A,Annual,A,Annual,USD,US$,2022,,,,2401168358.0
TPM_HS,Bilateral imports,HS_M_0010,"Bilateral imports by detailed HS codes (2,4,6 digit)",840,United States of America,156,China,HS,Harmonized System,01,Live animals,A,Annual,A,Annual,USD,US$,2022,,,,7012861.0
TPM_HS,Bilateral imports,HS_M_0010,"Bilateral imports by detailed HS codes (2,4,6 digit)",840,United States of America,156,China,HS,Harmonized System,0106,Other live animals.,A,Annual,A,Annual,USD,US$,2022,,,,7006666.0
TPM_HS,Bilateral imports,HS_M_0010,"Bilateral imports by detailed HS codes (2,4,6 digit)",840,United States of America,156,China,HS,Harmonized System,010690,Other,A,Annual,A,Annual,USD,US$,2022,,,,66415.0
TPM_HS,Bilateral imports,HS_M_0010,"Bilateral imports by detailed HS codes (2,4,6 digit)",840,United States of America,156,China,HS,Harmonized System,06,"Live trees and other plants; bulbs, roots and the like; cut flowers and ornamental foliage",A,Annual,A,Annual,USD,US$,2022,,,,115904543.0
TPM_HS,Bilateral imports,HS_M_0010,"Bilateral imports by detailed HS codes (2,4,6 digit)",840,United States of America,156,China,HS,Harmonized System,09,"Coffee, tea, mate and spices",A,Annual,A,Annual,USD,US$,2022,,,,243897395.0
TPM_HS,Bilateral imports,HS_M_0010,"Bilateral imports by detailed HS codes (2,4,6 digit)",840,United States of America,156,China,HS,Harmonized System,12,"Oil seeds and oleaginous fruits; miscellaneous grains, seeds and fruit; industrial or medicinal plants; straw and fodder",A,Annual,A,Annual,USD,US$,2022,,,,196813213.0
TPM_HS,Bilateral imports,HS_M_0010,"Bilateral imports by detailed HS codes (2,4,6 digit)",840,United States of America,156,China,HS,Harmonized System,27,"Mineral fuels, mineral oils and products of their distillation; bituminous substances; mineral waxes",A,Annual,A,Annual,USD,US$,2022,,,,192279467.0
TPM_HS,Bilateral imports,HS_M_0010,"Bilateral imports by detailed HS codes (2,4,6 digit)",840,United States of America,156,China,HS,Harmonized System,29,Organic chemicals,A,Annual,A,Annual,USD,US$,2022,,,,13077675214.0
TPM_HS,Bilateral imports,HS_M_0010,"Bilateral imports by detailed HS codes (2,4,6 digit)",840,United States of America,156,China,HS,Harmonized System,91,Clocks and watches and parts thereof,A,Annual,A,Annual,USD,US$,2021,,,,554600295.0
TPM_HS,Bilateral imports,HS_M_0010,"Bilateral imports by detailed HS codes (2,4,6 digit)",840,United States of America,156,China,HS,Harmonized System,06,"Live trees and other plants; bulbs, roots and the like; cut flowers and ornamental foliage",A,Annual,A,Annual,USD,US$,2021,,,,97565024.0
TPM_HS,Bilateral imports,HS_M_0010,"Bilateral imports by detailed HS codes (2,4,6 digit)",840,United States of America,156,China,HS,Harmonized System,24,Tobacco and manufactured tobacco substitutes,A,Annual,A,Annual,USD,US$,2021,,,,705951.0
TPM_HS,Bilateral imports,HS_M_0010,"Bilateral imports by detailed HS codes (2,4,6 digit)",840,United States of America,156,China,HS,Harmonized System,33,"Essential oils and resinoids; perfumery, cosmetic or toilet preparations",A,Annual,A,Annual,USD,US$,2021,,,,1055574957.0
TPM_HS,Bilateral imports,HS_M_0010,"Bilateral imports by detailed HS codes (2,4,6 digit)",840,United States of America,156,China,HS,Harmonized System,37,Photographic or cinematographic goods,A,Annual,A,Annual,USD,US$,2021,,,,12655158.0
TPM_HS,Bilateral imports,HS_M_0010,"Bilateral imports by detailed HS codes (2,4,6 digit)",840,United States of America,156,China,HS,Harmonized System,39,Plastics and articles thereof,A,Annual,A,Annual,USD,US$,2021,,,,23768864777.0
TPM_HS,Bilateral imports,HS_M_0010,"Bilateral imports by detailed HS codes (2,4,6 digit)",840,United States of America,156,China,HS,Harmonized System,40,Rubber and articles thereof,A,Annual,A,Annual,USD,US$,2021,,,,5334271266.0
TPM_HS,Bilateral imports,HS_M_0010,"Bilateral imports by detailed HS codes (2,4,6 digit)",840,United States of America,156,China,HS,Harmonized System,47,Pulp of wood or of other fibrous cellulosic material; recovered (waste and scrap) paper and paperboard,A,Annual,A,Annual,USD,US$,2021,,,,2650963.0
TPM_HS,Bilateral imports,HS_M_0010,"Bilateral imports by detailed HS codes (2,4,6 digit)",840,United States of America,156,China,HS,Harmonized System,55,Manmade staple fibres,A,Annual,A,Annual,USD,US$,2022,,,,198235329.0
TPM_HS,Bilateral imports,HS_M_0010,"Bilateral imports by detailed HS codes (2,4,6 digit)",840,United States of America,156,China,HS,Harmonized System,57,Carpets and other textile floor coverings,A,Annual,A,Annual,USD,US$,2022,,,,423896649.0
TPM_HS,Bilateral imports,HS_M_0010,"Bilateral imports by detailed HS codes (2,4,6 digit)",840,United States of America,156,China,HS,Harmonized System,58,Special woven fabrics; tufted textile fabrics; lace; tapestries; trimmings; embroidery,A,Annual,A,Annual,USD,US$,2022,,,,280290801.0
TPM_HS,Bilateral imports,HS_M_0010,"Bilateral imports by detailed HS codes (2,4,6 digit)",840,United States of America,156,China,HS,Harmonized System,63,Other made up textile articles; sets; worn clothing and worn textile articles; rags,A,Annual,A,Annual,USD,US$,2022,,,,10088451627.0
TPM_HS,Bilateral imports,HS_M_0010,"Bilateral imports by detailed HS codes (2,4,6 digit)",840,United States of America,156,China,HS,Harmonized System,67,Prepared feathers and down and articles made of feathers or of down; artificial flowers; articles of human hair,A,Annual,A,Annual,USD,US$,2022,,,,2584272501.0
TPM_HS,Bilateral imports,HS_M_0010,"Bilateral imports by detailed HS codes (2,4,6 digit)",840,United States of America,156,China,HS,Harmonized System,68,"Articles of stone, plaster, cement, asbestos, mica or similar materials",A,Annual,A,Annual,USD,US$,2022,,,,1171379587.0
TPM_HS,Bilateral imports,HS_M_0010,"Bilateral imports by detailed HS codes (2,4,6 digit)",840,United States of America,156,China,HS,Harmonized System,69,Ceramic products,A,Annual,A,Annual,USD,US$,2022,,,,2820297743.0
TPM_HS,Bilateral imports,HS_M_0010,"Bilateral imports by detailed HS codes (2,4,6 digit)",840,United States of America,156,China,HS,Harmonized System,84,"Nuclear reactors, boilers, machinery and mechanical appliances; parts thereof",A,Annual,A,Annual,USD,US$,2022,,,,103063613778.0
TPM_HS,Bilateral imports,HS_M_0010,"Bilateral imports by detailed HS codes (2,4,6 digit)",840,United States of America,156,China,HS,Harmonized System,31,Fertilisers,A,Annual,A,Annual,USD,US$,2022,,,,42434169.0
TPM_HS,Bilateral imports,HS_M_0010,"Bilateral imports by detailed HS codes (2,4,6 digit)",840,United States of America,156,China,HS,Harmonized System,39,Plastics and articles thereof,A,Annual,A,Annual,USD,US$,2022,,,,22784912474.0
TPM_HS,Bilateral imports,HS_M_0010,"Bilateral imports by detailed HS codes (2,4,6 digit)",840,United States of America,156,China,HS,Harmonized System,44,Wood and articles of wood; wood charcoal,A,Annual,A,Annual,USD,US$,2022,,,,2844819026.0
TPM_HS,Bilateral imports,HS_M_0010,"Bilateral imports by detailed HS codes (2,4,6 digit)",840,United States of America,156,China,HS,Harmonized System,47,Pulp of wood or of other fibrous cellulosic material; recovered (waste and scrap) paper and paperboard,A,Annual,A,Annual,USD,US$,2022,,,,8633628.0
TPM_HS,Bilateral imports,HS_M_0010,"Bilateral imports by detailed HS codes (2,4,6 digit)",840,United States of America,156,China,HS,Harmonized System,50,Silk,A,Annual,A,Annual,USD,US$,2022,,,,16503875.0
TPM_HS,Bilateral imports,HS_M_0010,"Bilateral imports by detailed HS codes (2,4,6 digit)",840,United States of America,156,China,HS,Harmonized System,59,"Impregnated, coated, covered or laminated textile fabrics; textile articles of a kind suitable for industrial use",A,Annual,A,Annual,USD,US$,2022,,,,422633370.0
TPM_HS,Bilateral imports,HS_M_0010,"Bilateral imports by detailed HS codes (2,4,6 digit)",840,United States of America,156,China,HS,Harmonized System,60,Knitted or crocheted fabrics,A,Annual,A,Annual,USD,US$,2022,,,,269936362.0
TPM_HS,Bilateral imports,HS_M_0010,"Bilateral imports by detailed HS codes (2,4,6 digit)",840,United States of America,156,China,HS,Harmonized System,62,"Articles of apparel and clothing accessories, not knitted or crocheted",A,Annual,A,Annual,USD,US$,2022,,,,9340475926.0
TPM_HS,Bilateral imports,HS_M_0010,"Bilateral imports by detailed HS codes (2,4,6 digit)",840,United States of America,156,China,HS,Harmonized System,80,Tin and articles thereof,A,Annual,A,Annual,USD,US$,2022,,,,18955006.0
TPM_HS,Bilateral imports,HS_M_0010,"Bilateral imports by detailed HS codes (2,4,6 digit)",840,United States of America,156,China,HS,Harmonized System,82,"Tools, implements, cutlery, spoons and forks, of base metal; parts thereof of base metal",A,Annual,A,Annual,USD,US$,2022,,,,3856671581.0
TPM_HS,Bilateral imports,HS_M_0010,"Bilateral imports by detailed HS codes (2,4,6 digit)",840,United States of America,156,China,HS,Harmonized System,88,"Aircraft, spacecraft, and parts thereof",A,Annual,A,Annual,USD,US$,2022,,,,534714423.0
TPM_HS,Bilateral imports,HS_M_0010,"Bilateral imports by detailed HS codes (2,4,6 digit)",840,United States of America,156,China,HS,Harmonized System,49,"Printed books, newspapers, pictures and other products of the printing industry; manuscripts, typescripts and plans",A,Annual,A,Annual,USD,US$,2021,,,,2289199023.0
TPM_HS,Bilateral imports,HS_M_0010,"Bilateral imports by detailed HS codes (2,4,6 digit)",840,United States of America,156,China,HS,Harmonized System,74,Copper and articles thereof,A,Annual,A,Annual,USD,US$,2021,,,,545237368.0
TPM_HS,Bilateral imports,HS_M_0010,"Bilateral imports by detailed HS codes (2,4,6 digit)",840,United States of America,156,China,HS,Harmonized System,76,Aluminium and articles thereof,A,Annual,A,Annual,USD,US$,2021,,,,3244315921.0
TPM_HS,Bilateral imports,HS_M_0010,"Bilateral imports by detailed HS codes (2,4,6 digit)",840,United States of America,156,China,HS,Harmonized System,78,Lead and articles thereof,A,Annual,A,Annual,USD,US$,2021,,,,54788617.0
TPM_HS,Bilateral imports,HS_M_0010,"Bilateral imports by detailed HS codes (2,4,6 digit)",840,United States of America,156,China,HS,Harmonized System,79,Zinc and articles thereof,A,Annual,A,Annual,USD,US$,2021,,,,137525578.0
TPM_HS,Bilateral imports,HS_M_0010,"Bilateral imports by detailed HS codes (2,4,6 digit)",840,United States of America,156,China,HS,Harmonized System,84,"Nuclear reactors, boilers, machinery and mechanical appliances; parts thereof",A,Annual,A,Annual,USD,US$,2021,,,,107209906416.0
TPM_HS,Bilateral imports,HS_M_0010,"Bilateral imports by detailed HS codes (2,4,6 digit)",840,United States of America,156,China,HS,Harmonized System,87,"Vehicles other than railway or tramway rollingstock, and parts and accessories thereof",A,Annual,A,Annual,USD,US$,2021,,,,15200861559.0
TPM_HS,Bilateral imports,HS_M_0010,"Bilateral imports by detailed HS codes (2,4,6 digit)",840,United States of America,156,China,HS,Harmonized System,88,"Aircraft, spacecraft, and parts thereof",A,Annual,A,Annual,USD,US$,2021,,,,203015997.0
TPM_HS,Bilateral imports,HS_M_0010,"Bilateral imports by detailed HS codes (2,4,6 digit)",840,United States of America,156,China,HS,Harmonized System,92,Musical instruments; parts and accessories of such articles,A,Annual,A,Annual,USD,US$,2022,,,,708707532.0
TPM_HS,Bilateral imports,HS_M_0010,"Bilateral imports by detailed HS codes (2,4,6 digit)",840,United States of America,156,China,HS,Harmonized System,96,Miscellaneous manufactured articles,A,Annual,A,Annual,USD,US$,2022,,,,4556614585.0
TPM_HS,Bilateral imports,HS_M_0010,"Bilateral imports by detailed HS codes (2,4,6 digit)",840,United States of America,156,China,HS,Harmonized System,74,Copper and articles thereof,A,Annual,A,Annual,USD,US$,2022,,,,681205530.0
TPM_HS,Bilateral imports,HS_M_0010,"Bilateral imports by detailed HS codes (2,4,6 digit)",840,United States of America,156,China,HS,Harmonized System,76,Aluminium and articles thereof,A,Annual,A,Annual,USD,US$,2022,,,,3587764662.0
TPM_HS,Bilateral imports,HS_M_0010,"Bilateral imports by detailed HS codes (2,4,6 digit)",840,United States of America,156,China,HS,Harmonized System,79,Zinc and articles thereof,A,Annual,A,Annual,USD,US$,2022,,,,138627099.0
TPM_HS,Bilateral imports,HS_M_0010,"Bilateral imports by detailed HS codes (2,4,6 digit)",840,United States of America,156,China,HS,Harmonized System,83,Miscellaneous articles of base metal,A,Annual,A,Annual,USD,US$,2022,,,,6234016082.0
TPM_HS,Bilateral imports,HS_M_0010,"Bilateral imports by detailed HS codes (2,4,6 digit)",840,United States of America,156,China,HS,Harmonized System,85,"Electrical machinery and equipment and parts thereof; sound recorders and reproducers, television image and sound recorders and reproducers, and parts and accessories of such articles",A,Annual,A,Annual,USD,US$,2022,,,,137669360978.0
TPM_HS,Bilateral imports,HS_M_0010,"Bilateral imports by detailed HS codes (2,4,6 digit)",840,United States of America,156,China,HS,Harmonized System,86,"Railway or tramway locomotives, rollingstock and parts thereof; railway or tramway track fixtures and fittings and parts thereof; mechanical (including electromechanical) traffic signalling equipment ",A,Annual,A,Annual,USD,US$,2022,,,,1389921775.0
TPM_HS,Bilateral imports,HS_M_0010,"Bilateral imports by detailed HS codes (2,4,6 digit)",840,United States of America,156,China,HS,Harmonized System,94,"Furniture; bedding, mattresses, mattress supports, cushions and similar stuffed furnishings; lamps and lighting fittings, not elsewhere specified or included; illuminated signs, illuminated nameplates",A,Annual,A,Annual,USD,US$,2022,,,,25214586882.0
TPM_HS,Bilateral imports,HS_M_0010,"Bilateral imports by detailed HS codes (2,4,6 digit)",840,United States of America,156,China,HS,Harmonized System,89,"Ships, boats and floating structures",A,Annual,A,Annual,USD,US$,2021,,,,152293374.0
TPM_HS,Bilateral imports,HS_M_0010,"Bilateral imports by detailed HS codes (2,4,6 digit)",840,United States of America,156,China,HS,Harmonized System,93,Arms and ammunition; parts and accessories thereof,A,Annual,A,Annual,USD,US$,2021,,,,306368186.0
TPM_HS,Bilateral imports,HS_M_0010,"Bilateral imports by detailed HS codes (2,4,6 digit)",840,United States of America,156,China,HS,Harmonized System,94,"Furniture; bedding, mattresses, mattress supports, cushions and similar stuffed furnishings; lamps and lighting fittings, not elsewhere specified or included; illuminated signs, illuminated nameplates",A,Annual,A,Annual,USD,US$,2021,,,,27178400426.0
TPM_HS,Bilateral imports,HS_M_0010,"Bilateral imports by detailed HS codes (2,4,6 digit)",840,United States of America,156,China,HS,Harmonized System,010121,Purebred breeding animals,A,Annual,A,Annual,USD,US$,2022,,,,2706.0
TPM_HS,Bilateral imports,HS_M_0010,"Bilateral imports by detailed HS codes (2,4,6 digit)",840,United States of America,156,China,HS,Harmonized System,0105,"Live poultry, that is to say, fowls of the species Gallus domesticus, ducks, geese, turkeys and guinea fowls.",A,Annual,A,Annual,USD,US$,2022,,,,3489.0
TPM_HS,Bilateral imports,HS_M_0010,"Bilateral imports by detailed HS codes (2,4,6 digit)",840,United States of America,156,China,HS,Harmonized System,010619,Other,A,Annual,A,Annual,USD,US$,2022,,,,6917293.0
TPM_HS,Bilateral imports,HS_M_0010,"Bilateral imports by detailed HS codes (2,4,6 digit)",840,United States of America,156,China,HS,Harmonized System,03,"Fish and crustaceans, molluscs and other aquatic invertebrates",A,Annual,A,Annual,USD,US$,2022,,,,1563013610.0
TPM_HS,Bilateral imports,HS_M_0010,"Bilateral imports by detailed HS codes (2,4,6 digit)",840,United States of America,156,China,HS,Harmonized System,04,"Dairy produce; birds' eggs; natural honey; edible products of animal origin, not elsewhere specified or included",A,Annual,A,Annual,USD,US$,2022,,,,8530883.0
TPM_HS,Bilateral imports,HS_M_0010,"Bilateral imports by detailed HS codes (2,4,6 digit)",840,United States of America,156,China,HS,Harmonized System,05,"Products of animal origin, not elsewhere specified or included",A,Annual,A,Annual,USD,US$,2022,,,,219297727.0
TPM_HS,Bilateral imports,HS_M_0010,"Bilateral imports by detailed HS codes (2,4,6 digit)",840,United States of America,156,China,HS,Harmonized System,10,Cereals,A,Annual,A,Annual,USD,US$,2022,,,,34801603.0
TPM_HS,Bilateral imports,HS_M_0010,"Bilateral imports by detailed HS codes (2,4,6 digit)",840,United States of America,156,China,HS,Harmonized System,11,Products of the milling industry; malt; starches; inulin; wheat gluten,A,Annual,A,Annual,USD,US$,2022,,,,34861684.0
TPM_HS,Bilateral imports,HS_M_0010,"Bilateral imports by detailed HS codes (2,4,6 digit)",840,United States of America,156,China,HS,Harmonized System,13,"Lac; gums, resins and other vegetable saps and extracts",A,Annual,A,Annual,USD,US$,2022,,,,341053620.0
TPM_HS,Bilateral imports,HS_M_0010,"Bilateral imports by detailed HS codes (2,4,6 digit)",840,United States of America,156,China,HS,Harmonized System,15,Animal or vegetable fats and oils and their cleavage products; prepared edible fats; animal or vegetable waxes,A,Annual,A,Annual,USD,US$,2022,,,,67612743.0
TPM_HS,Bilateral imports,HS_M_0010,"Bilateral imports by detailed HS codes (2,4,6 digit)",840,United States of America,156,China,HS,Harmonized System,17,Sugars and sugar confectionery,A,Annual,A,Annual,USD,US$,2022,,,,174573578.0
TPM_HS,Bilateral imports,HS_M_0010,"Bilateral imports by detailed HS codes (2,4,6 digit)",840,United States of America,156,China,HS,Harmonized System,33,"Essential oils and resinoids; perfumery, cosmetic or toilet preparations",A,Annual,A,Annual,USD,US$,2022,,,,1093058136.0
TPM_HS,Bilateral imports,HS_M_0010,"Bilateral imports by detailed HS codes (2,4,6 digit)",840,United States of America,156,China,HS,Harmonized System,42,"Articles of leather; saddlery and harness; travel goods, handbags and similar containers; articles of animal gut (other than silkworm gut)",A,Annual,A,Annual,USD,US$,2022,,,,3979593488.0
TPM_HS,Bilateral imports,HS_M_0010,"Bilateral imports by detailed HS codes (2,4,6 digit)",840,United States of America,156,China,HS,Harmonized System,43,Furskins and artificial fur; manufactures thereof,A,Annual,A,Annual,USD,US$,2022,,,,23480740.0
TPM_HS,Bilateral imports,HS_M_0010,"Bilateral imports by detailed HS codes (2,4,6 digit)",840,United States of America,156,China,HS,Harmonized System,51,"Wool, fine or coarse animal hair; horsehair yarn and woven fabric",A,Annual,A,Annual,USD,US$,2022,,,,5807114.0
TPM_HS,Bilateral imports,HS_M_0010,"Bilateral imports by detailed HS codes (2,4,6 digit)",840,United States of America,156,China,HS,Harmonized System,53,Other vegetable textile fibres; paper yarn and woven fabrics of paper yarn,A,Annual,A,Annual,USD,US$,2022,,,,24733757.0
TPM_HS,Bilateral imports,HS_M_0010,"Bilateral imports by detailed HS codes (2,4,6 digit)",840,United States of America,156,China,HS,Harmonized System,54,Manmade filaments,A,Annual,A,Annual,USD,US$,2022,,,,328405788.0
