IndicatorCategoryCode,IndicatorCategory,IndicatorCode,Indicator,ReportingEconomyCode,ReportingEconomy,PartnerEconomyCode,PartnerEconomy,ProductOrSectorClassificationCode,ProductOrSectorClassification,ProductOrSectorCode,ProductOrSector,PeriodCode,Period,FrequencyCode,Frequency,UnitCode,Unit,Year,ValueFlagCode,ValueFlag,TextValue,Value
TPA_MFN_HS,"MFN by detailed HS codes (2,4,6 digit)",HS_A_0020,HS MFN - Maximum  ad valorem duty,840,United States of America,,,HS,Harmonized System,010121,Purebred breeding animals,A,Annual,A,Annual,PCT,Percent,2019,,,,0
TPA_MFN_HS,"MFN by detailed HS codes (2,4,6 digit)",HS_A_0020,HS MFN - Maximum  ad valorem duty,840,United States of America,,,HS,Harmonized System,010121,Purebred breeding animals,A,Annual,A,Annual,PCT,Percent,2020,,,,0
TPA_MFN_HS,"MFN by detailed HS codes (2,4,6 digit)",HS_A_0020,HS MFN - Maximum  ad valorem duty,840,United States of America,,,HS,Harmonized System,010121,Purebred breeding animals,A,Annual,A,Annual,PCT,Percent,2018,,,,0
TPA_MFN_HS,"MFN by detailed HS codes (2,4,6 digit)",HS_A_0020,HS MFN - Maximum  ad valorem duty,840,United States of America,,,HS,Harmonized System,010121,Purebred breeding animals,A,Annual,A,Annual,PCT,Percent,2021,,,,0
TPA_MFN_HS,"MFN by detailed HS codes (2,4,6 digit)",HS_A_0020,HS MFN - Maximum  ad valorem duty,840,United States of America,,,HS,Harmonized System,010121,Purebred breeding animals,A,Annual,A,Annual,PCT,Percent,2022,,,,0
TPA_MFN_HS,"MFN by detailed HS codes (2,4,6 digit)",HS_A_0020,HS MFN - Maximum  ad valorem duty,840,United States of America,,,HS,Harmonized System,010121,Purebred breeding animals,A,Annual,A,Annual,PCT,Percent,2023,,,,0
TPA_MFN_HS,"MFN by detailed HS codes (2,4,6 digit)",HS_A_0020,HS MFN - Maximum  ad valorem duty,840,United States of America,,,HS,Harmonized System,010129,Other,A,Annual,A,Annual,PCT,Percent,2018,,,,0
TPA_MFN_HS,"MFN by detailed HS codes (2,4,6 digit)",HS_A_0020,HS MFN - Maximum  ad valorem duty,840,United States of America,,,HS,Harmonized System,010130,Asses,A,Annual,A,Annual,PCT,Percent,2018,,,,7
TPA_MFN_HS,"MFN by detailed HS codes (2,4,6 digit)",HS_A_0020,HS MFN - Maximum  ad valorem duty,840,United States of America,,,HS,Harmonized System,010130,Asses,A,Annual,A,Annual,PCT,Percent,2019,,,,7
TPA_MFN_HS,"MFN by detailed HS codes (2,4,6 digit)",HS_A_0020,HS MFN - Maximum  ad valorem duty,840,United States of America,,,HS,Harmonized System,010129,Other,A,Annual,A,Annual,PCT,Percent,2019,,,,0
TPA_MFN_HS,"MFN by detailed HS codes (2,4,6 digit)",HS_A_0020,HS MFN - Maximum  ad valorem duty,840,United States of America,,,HS,Harmonized System,010129,Other,A,Annual,A,Annual,PCT,Percent,2020,,,,0
TPA_MFN_HS,"MFN by detailed HS codes (2,4,6 digit)",HS_A_0020,HS MFN - Maximum  ad valorem duty,840,United States of America,,,HS,Harmonized System,010130,Asses,A,Annual,A,Annual,PCT,Percent,2020,,,,7
TPA_MFN_HS,"MFN by detailed HS codes (2,4,6 digit)",HS_A_0020,HS MFN - Maximum  ad valorem duty,840,United States of America,,,HS,Harmonized System,010130,Asses,A,Annual,A,Annual,PCT,Percent,2021,,,,7
TPA_MFN_HS,"MFN by detailed HS codes (2,4,6 digit)",HS_A_0020,HS MFN - Maximum  ad valorem duty,840,United States of America,,,HS,Harmonized System,010129,Other,A,Annual,A,Annual,PCT,Percent,2021,,,,0
TPA_MFN_HS,"MFN by detailed HS codes (2,4,6 digit)",HS_A_0020,HS MFN - Maximum  ad valorem duty,840,United States of America,,,HS,Harmonized System,010129,Other,A,Annual,A,Annual,PCT,Percent,2022,,,,0
TPA_MFN_HS,"MFN by detailed HS codes (2,4,6 digit)",HS_A_0020,HS MFN - Maximum  ad valorem duty,840,United States of America,,,HS,Harmonized System,010130,Asses,A,Annual,A,Annual,PCT,Percent,2022,,,,7
TPA_MFN_HS,"MFN by detailed HS codes (2,4,6 digit)",HS_A_0020,HS MFN - Maximum  ad valorem duty,840,United States of America,,,HS,Harmonized System,010130,Asses,A,Annual,A,Annual,PCT,Percent,2023,,,,7
TPA_MFN_HS,"MFN by detailed HS codes (2,4,6 digit)",HS_A_0020,HS MFN - Maximum  ad valorem duty,840,United States of America,,,HS,Harmonized System,010129,Other,A,Annual,A,Annual,PCT,Percent,2023,,,,0
TPA_MFN_HS,"MFN by detailed HS codes (2,4,6 digit)",HS_A_0020,HS MFN - Maximum  ad valorem duty,840,United States of America,,,HS,Harmonized System,010190,Other,A,Annual,A,Annual,PCT,Percent,2018,,,,5
TPA_MFN_HS,"MFN by detailed HS codes (2,4,6 digit)",HS_A_0020,HS MFN - Maximum  ad valorem duty,840,United States of America,,,HS,Harmonized System,010190,Other,A,Annual,A,Annual,PCT,Percent,2019,,,,5
TPA_MFN_HS,"MFN by detailed HS codes (2,4,6 digit)",HS_A_0020,HS MFN - Maximum  ad valorem duty,840,United States of America,,,HS,Harmonized System,010190,Other,A,Annual,A,Annual,PCT,Percent,2020,,,,5
TPA_MFN_HS,"MFN by detailed HS codes (2,4,6 digit)",HS_A_0020,HS MFN - Maximum  ad valorem duty,840,United States of America,,,HS,Harmonized System,010190,Other,A,Annual,A,Annual,PCT,Percent,2021,,,,5
TPA_MFN_HS,"MFN by detailed HS codes (2,4,6 digit)",HS_A_0020,HS MFN - Maximum  ad valorem duty,840,United States of America,,,HS,Harmonized System,010190,Other,A,Annual,A,Annual,PCT,Percent,2022,,,,5
TPA_MFN_HS,"MFN by detailed HS codes (2,4,6 digit)",HS_A_0020,HS MFN - Maximum  ad valorem duty,840,United States of America,,,HS,Harmonized System,010190,Other,A,Annual,A,Annual,PCT,Percent,2023,,,,5
TPA_MFN_HS,"MFN by detailed HS codes (2,4,6 digit)",HS_A_0020,HS MFN - Maximum  ad valorem duty,840,United States of America,,,HS,Harmonized System,0102,Live bovine animals.,A,Annual,A,Annual,PCT,Percent,2019,,,,0
TPA_MFN_HS,"MFN by detailed HS codes (2,4,6 digit)",HS_A_0020,HS MFN - Maximum  ad valorem duty,840,United States of America,,,HS,Harmonized System,0102,Live bovine animals.,A,Annual,A,Annual,PCT,Percent,2020,,,,0
TPA_MFN_HS,"MFN by detailed HS codes (2,4,6 digit)",HS_A_0020,HS MFN - Maximum  ad valorem duty,840,United States of America,,,HS,Harmonized System,0102,Live bovine animals.,A,Annual,A,Annual,PCT,Percent,2018,,,,0
TPA_MFN_HS,"MFN by detailed HS codes (2,4,6 digit)",HS_A_0020,HS MFN - Maximum  ad valorem duty,840,United States of America,,,HS,Harmonized System,0102,Live bovine animals.,A,Annual,A,Annual,PCT,Percent,2021,,,,0
TPA_MFN_HS,"MFN by detailed HS codes (2,4,6 digit)",HS_A_0020,HS MFN - Maximum  ad valorem duty,840,United States of America,,,HS,Harmonized System,0102,Live bovine animals.,A,Annual,A,Annual,PCT,Percent,2022,,,,0
TPA_MFN_HS,"MFN by detailed HS codes (2,4,6 digit)",HS_A_0020,HS MFN - Maximum  ad valorem duty,840,United States of America,,,HS,Harmonized System,0102,Live bovine animals.,A,Annual,A,Annual,PCT,Percent,2023,,,,0
TPA_MFN_HS,"MFN by detailed HS codes (2,4,6 digit)",HS_A_0020,HS MFN - Maximum  ad valorem duty,840,United States of America,,,HS,Harmonized System,010221,Purebred breeding animals,A,Annual,A,Annual,PCT,Percent,2018,,,,0
TPA_MFN_HS,"MFN by detailed HS codes (2,4,6 digit)",HS_A_0020,HS MFN - Maximum  ad valorem duty,840,United States of America,,,HS,Harmonized System,010229,Other,A,Annual,A,Annual,PCT,Percent,2018,,,,0
TPA_MFN_HS,"MFN by detailed HS codes (2,4,6 digit)",HS_A_0020,HS MFN - Maximum  ad valorem duty,840,United States of America,,,HS,Harmonized System,010229,Other,A,Annual,A,Annual,PCT,Percent,2019,,,,0
TPA_MFN_HS,"MFN by detailed HS codes (2,4,6 digit)",HS_A_0020,HS MFN - Maximum  ad valorem duty,840,United States of America,,,HS,Harmonized System,010221,Purebred breeding animals,A,Annual,A,Annual,PCT,Percent,2019,,,,0
TPA_MFN_HS,"MFN by detailed HS codes (2,4,6 digit)",HS_A_0020,HS MFN - Maximum  ad valorem duty,840,United States of America,,,HS,Harmonized System,010221,Purebred breeding animals,A,Annual,A,Annual,PCT,Percent,2020,,,,0
TPA_MFN_HS,"MFN by detailed HS codes (2,4,6 digit)",HS_A_0020,HS MFN - Maximum  ad valorem duty,840,United States of America,,,HS,Harmonized System,010229,Other,A,Annual,A,Annual,PCT,Percent,2020,,,,0
TPA_MFN_HS,"MFN by detailed HS codes (2,4,6 digit)",HS_A_0020,HS MFN - Maximum  ad valorem duty,840,United States of America,,,HS,Harmonized System,010221,Purebred breeding animals,A,Annual,A,Annual,PCT,Percent,2021,,,,0
TPA_MFN_HS,"MFN by detailed HS codes (2,4,6 digit)",HS_A_0020,HS MFN - Maximum  ad valorem duty,840,United States of America,,,HS,Harmonized System,010221,Purebred breeding animals,A,Annual,A,Annual,PCT,Percent,2022,,,,0
TPA_MFN_HS,"MFN by detailed HS codes (2,4,6 digit)",HS_A_0020,HS MFN - Maximum  ad valorem duty,840,United States of America,,,HS,Harmonized System,010229,Other,A,Annual,A,Annual,PCT,Percent,2022,,,,0
TPA_MFN_HS,"MFN by detailed HS codes (2,4,6 digit)",HS_A_0020,HS MFN - Maximum  ad valorem duty,840,United States of America,,,HS,Harmonized System,010221,Purebred breeding animals,A,Annual,A,Annual,PCT,Percent,2023,,,,0
TPA_MFN_HS,"MFN by detailed HS codes (2,4,6 digit)",HS_A_0020,HS MFN - Maximum  ad valorem duty,840,United States of America,,,HS,Harmonized System,010231,Purebred breeding animals,A,Annual,A,Annual,PCT,Percent,2018,,,,0
TPA_MFN_HS,"MFN by detailed HS codes (2,4,6 digit)",HS_A_0020,HS MFN - Maximum  ad valorem duty,840,United States of America,,,HS,Harmonized System,010231,Purebred breeding animals,A,Annual,A,Annual,PCT,Percent,2019,,,,0
TPA_MFN_HS,"MFN by detailed HS codes (2,4,6 digit)",HS_A_0020,HS MFN - Maximum  ad valorem duty,840,United States of America,,,HS,Harmonized System,010231,Purebred breeding animals,A,Annual,A,Annual,PCT,Percent,2020,,,,0
TPA_MFN_HS,"MFN by detailed HS codes (2,4,6 digit)",HS_A_0020,HS MFN - Maximum  ad valorem duty,840,United States of America,,,HS,Harmonized System,010229,Other,A,Annual,A,Annual,PCT,Percent,2021,,,,0
TPA_MFN_HS,"MFN by detailed HS codes (2,4,6 digit)",HS_A_0020,HS MFN - Maximum  ad valorem duty,840,United States of America,,,HS,Harmonized System,010231,Purebred breeding animals,A,Annual,A,Annual,PCT,Percent,2021,,,,0
TPA_MFN_HS,"MFN by detailed HS codes (2,4,6 digit)",HS_A_0020,HS MFN - Maximum  ad valorem duty,840,United States of America,,,HS,Harmonized System,010231,Purebred breeding animals,A,Annual,A,Annual,PCT,Percent,2022,,,,0
TPA_MFN_HS,"MFN by detailed HS codes (2,4,6 digit)",HS_A_0020,HS MFN - Maximum  ad valorem duty,840,United States of America,,,HS,Harmonized System,010229,Other,A,Annual,A,Annual,PCT,Percent,2023,,,,0
TPA_MFN_HS,"MFN by detailed HS codes (2,4,6 digit)",HS_A_0020,HS MFN - Maximum  ad valorem duty,840,United States of America,,,HS,Harmonized System,010231,Purebred breeding animals,A,Annual,A,Annual,PCT,Percent,2023,,,,0
TPA_MFN_HS,"MFN by detailed HS codes (2,4,6 digit)",HS_A_0020,HS MFN - Maximum  ad valorem duty,840,United States of America,,,HS,Harmonized System,010239,Other,A,Annual,A,Annual,PCT,Percent,2018,,,,
TPA_MFN_HS,"MFN by detailed HS codes (2,4,6 digit)",HS_A_0020,HS MFN - Maximum  ad valorem duty,840,United States of America,,,HS,Harmonized System,010239,Other,A,Annual,A,Annual,PCT,Percent,2019,,,,
TPA_MFN_HS,"MFN by detailed HS codes (2,4,6 digit)",HS_A_0020,HS MFN - Maximum  ad valorem duty,840,United States of America,,,HS,Harmonized System,010290,Other,A,Annual,A,Annual,PCT,Percent,2019,,,,
TPA_MFN_HS,"MFN by detailed HS codes (2,4,6 digit)",HS_A_0020,HS MFN - Maximum  ad valorem duty,840,United States of America,,,HS,Harmonized System,010290,Other,A,Annual,A,Annual,PCT,Percent,2020,,,,
TPA_MFN_HS,"MFN by detailed HS codes (2,4,6 digit)",HS_A_0020,HS MFN - Maximum  ad valorem duty,840,United States of America,,,HS,Harmonized System,010239,Other,A,Annual,A,Annual,PCT,Percent,2020,,,,
TPA_MFN_HS,"MFN by detailed HS codes (2,4,6 digit)",HS_A_0020,HS MFN - Maximum  ad valorem duty,840,United States of America,,,HS,Harmonized System,010239,Other,A,Annual,A,Annual,PCT,Percent,2021,,,,
TPA_MFN_HS,"MFN by detailed HS codes (2,4,6 digit)",HS_A_0020,HS MFN - Maximum  ad valorem duty,840,United States of America,,,HS,Harmonized System,010239,Other,A,Annual,A,Annual,PCT,Percent,2022,,,,
TPA_MFN_HS,"MFN by detailed HS codes (2,4,6 digit)",HS_A_0020,HS MFN - Maximum  ad valorem duty,840,United States of America,,,HS,Harmonized System,010239,Other,A,Annual,A,Annual,PCT,Percent,2023,,,,
TPA_MFN_HS,"MFN by detailed HS codes (2,4,6 digit)",HS_A_0020,HS MFN - Maximum  ad valorem duty,840,United States of America,,,HS,Harmonized System,010290,Other,A,Annual,A,Annual,PCT,Percent,2018,,,,
TPA_MFN_HS,"MFN by detailed HS codes (2,4,6 digit)",HS_A_0020,HS MFN - Maximum  ad valorem duty,840,United States of America,,,HS,Harmonized System,010290,Other,A,Annual,A,Annual,PCT,Percent,2021,,,,
TPA_MFN_HS,"MFN by detailed HS codes (2,4,6 digit)",HS_A_0020,HS MFN - Maximum  ad valorem duty,840,United States of America,,,HS,Harmonized System,010290,Other,A,Annual,A,Annual,PCT,Percent,2022,,,,
TPA_MFN_HS,"MFN by detailed HS codes (2,4,6 digit)",HS_A_0020,HS MFN - Maximum  ad valorem duty,840,United States of America,,,HS,Harmonized System,010290,Other,A,Annual,A,Annual,PCT,Percent,2023,,,,
TPA_MFN_HS,"MFN by detailed HS codes (2,4,6 digit)",HS_A_0020,HS MFN - Maximum  ad valorem duty,840,United States of America,,,HS,Harmonized System,0103,Live swine.,A,Annual,A,Annual,PCT,Percent,2018,,,,0
TPA_MFN_HS,"MFN by detailed HS codes (2,4,6 digit)",HS_A_0020,HS MFN - Maximum  ad valorem duty,840,United States of America,,,HS,Harmonized System,0103,Live swine.,A,Annual,A,Annual,PCT,Percent,2019,,,,0
TPA_MFN_HS,"MFN by detailed HS codes (2,4,6 digit)",HS_A_0020,HS MFN - Maximum  ad valorem duty,840,United States of America,,,HS,Harmonized System,0103,Live swine.,A,Annual,A,Annual,PCT,Percent,2020,,,,0
TPA_MFN_HS,"MFN by detailed HS codes (2,4,6 digit)",HS_A_0020,HS MFN - Maximum  ad valorem duty,840,United States of America,,,HS,Harmonized System,0103,Live swine.,A,Annual,A,Annual,PCT,Percent,2022,,,,0
TPA_MFN_HS,"MFN by detailed HS codes (2,4,6 digit)",HS_A_0020,HS MFN - Maximum  ad valorem duty,840,United States of America,,,HS,Harmonized System,0103,Live swine.,A,Annual,A,Annual,PCT,Percent,2023,,,,0
TPA_MFN_HS,"MFN by detailed HS codes (2,4,6 digit)",HS_A_0020,HS MFN - Maximum  ad valorem duty,840,United States of America,,,HS,Harmonized System,010310,Purebred breeding animals,A,Annual,A,Annual,PCT,Percent,2020,,,,0
TPA_MFN_HS,"MFN by detailed HS codes (2,4,6 digit)",HS_A_0020,HS MFN - Maximum  ad valorem duty,840,United States of America,,,HS,Harmonized System,0103,Live swine.,A,Annual,A,Annual,PCT,Percent,2021,,,,0
TPA_MFN_HS,"MFN by detailed HS codes (2,4,6 digit)",HS_A_0020,HS MFN - Maximum  ad valorem duty,840,United States of America,,,HS,Harmonized System,010310,Purebred breeding animals,A,Annual,A,Annual,PCT,Percent,2018,,,,0
TPA_MFN_HS,"MFN by detailed HS codes (2,4,6 digit)",HS_A_0020,HS MFN - Maximum  ad valorem duty,840,United States of America,,,HS,Harmonized System,010310,Purebred breeding animals,A,Annual,A,Annual,PCT,Percent,2019,,,,0
TPA_MFN_HS,"MFN by detailed HS codes (2,4,6 digit)",HS_A_0020,HS MFN - Maximum  ad valorem duty,840,United States of America,,,HS,Harmonized System,010310,Purebred breeding animals,A,Annual,A,Annual,PCT,Percent,2021,,,,0
TPA_MFN_HS,"MFN by detailed HS codes (2,4,6 digit)",HS_A_0020,HS MFN - Maximum  ad valorem duty,840,United States of America,,,HS,Harmonized System,010310,Purebred breeding animals,A,Annual,A,Annual,PCT,Percent,2022,,,,0
TPA_MFN_HS,"MFN by detailed HS codes (2,4,6 digit)",HS_A_0020,HS MFN - Maximum  ad valorem duty,840,United States of America,,,HS,Harmonized System,010310,Purebred breeding animals,A,Annual,A,Annual,PCT,Percent,2023,,,,0
TPA_MFN_HS,"MFN by detailed HS codes (2,4,6 digit)",HS_A_0020,HS MFN - Maximum  ad valorem duty,840,United States of America,,,HS,Harmonized System,010391,Weighing less than 50 kg,A,Annual,A,Annual,PCT,Percent,2018,,,,0
TPA_MFN_HS,"MFN by detailed HS codes (2,4,6 digit)",HS_A_0020,HS MFN - Maximum  ad valorem duty,840,United States of America,,,HS,Harmonized System,010391,Weighing less than 50 kg,A,Annual,A,Annual,PCT,Percent,2019,,,,0
TPA_MFN_HS,"MFN by detailed HS codes (2,4,6 digit)",HS_A_0020,HS MFN - Maximum  ad valorem duty,840,United States of America,,,HS,Harmonized System,010391,Weighing less than 50 kg,A,Annual,A,Annual,PCT,Percent,2020,,,,0
TPA_MFN_HS,"MFN by detailed HS codes (2,4,6 digit)",HS_A_0020,HS MFN - Maximum  ad valorem duty,840,United States of America,,,HS,Harmonized System,010391,Weighing less than 50 kg,A,Annual,A,Annual,PCT,Percent,2021,,,,0
TPA_MFN_HS,"MFN by detailed HS codes (2,4,6 digit)",HS_A_0020,HS MFN - Maximum  ad valorem duty,840,United States of America,,,HS,Harmonized System,010391,Weighing less than 50 kg,A,Annual,A,Annual,PCT,Percent,2022,,,,0
TPA_MFN_HS,"MFN by detailed HS codes (2,4,6 digit)",HS_A_0020,HS MFN - Maximum  ad valorem duty,840,United States of America,,,HS,Harmonized System,010391,Weighing less than 50 kg,A,Annual,A,Annual,PCT,Percent,2023,,,,0
TPA_MFN_HS,"MFN by detailed HS codes (2,4,6 digit)",HS_A_0020,HS MFN - Maximum  ad valorem duty,840,United States of America,,,HS,Harmonized System,010392,Weighing 50 kg or more,A,Annual,A,Annual,PCT,Percent,2018,,,,0
TPA_MFN_HS,"MFN by detailed HS codes (2,4,6 digit)",HS_A_0020,HS MFN - Maximum  ad valorem duty,840,United States of America,,,HS,Harmonized System,010392,Weighing 50 kg or more,A,Annual,A,Annual,PCT,Percent,2019,,,,0
TPA_MFN_HS,"MFN by detailed HS codes (2,4,6 digit)",HS_A_0020,HS MFN - Maximum  ad valorem duty,840,United States of America,,,HS,Harmonized System,010392,Weighing 50 kg or more,A,Annual,A,Annual,PCT,Percent,2020,,,,0
TPA_MFN_HS,"MFN by detailed HS codes (2,4,6 digit)",HS_A_0020,HS MFN - Maximum  ad valorem duty,840,United States of America,,,HS,Harmonized System,010392,Weighing 50 kg or more,A,Annual,A,Annual,PCT,Percent,2021,,,,0
TPA_MFN_HS,"MFN by detailed HS codes (2,4,6 digit)",HS_A_0020,HS MFN - Maximum  ad valorem duty,840,United States of America,,,HS,Harmonized System,010392,Weighing 50 kg or more,A,Annual,A,Annual,PCT,Percent,2022,,,,0
TPA_MFN_HS,"MFN by detailed HS codes (2,4,6 digit)",HS_A_0020,HS MFN - Maximum  ad valorem duty,840,United States of America,,,HS,Harmonized System,010392,Weighing 50 kg or more,A,Annual,A,Annual,PCT,Percent,2023,,,,0
TPA_MFN_HS,"MFN by detailed HS codes (2,4,6 digit)",HS_A_0020,HS MFN - Maximum  ad valorem duty,840,United States of America,,,HS,Harmonized System,0104,Live sheep and goats.,A,Annual,A,Annual,PCT,Percent,2019,,,,0
TPA_MFN_HS,"MFN by detailed HS codes (2,4,6 digit)",HS_A_0020,HS MFN - Maximum  ad valorem duty,840,United States of America,,,HS,Harmonized System,0104,Live sheep and goats.,A,Annual,A,Annual,PCT,Percent,2020,,,,0
TPA_MFN_HS,"MFN by detailed HS codes (2,4,6 digit)",HS_A_0020,HS MFN - Maximum  ad valorem duty,840,United States of America,,,HS,Harmonized System,0104,Live sheep and goats.,A,Annual,A,Annual,PCT,Percent,2018,,,,0
TPA_MFN_HS,"MFN by detailed HS codes (2,4,6 digit)",HS_A_0020,HS MFN - Maximum  ad valorem duty,840,United States of America,,,HS,Harmonized System,0104,Live sheep and goats.,A,Annual,A,Annual,PCT,Percent,2021,,,,0
TPA_MFN_HS,"MFN by detailed HS codes (2,4,6 digit)",HS_A_0020,HS MFN - Maximum  ad valorem duty,840,United States of America,,,HS,Harmonized System,0104,Live sheep and goats.,A,Annual,A,Annual,PCT,Percent,2022,,,,0
TPA_MFN_HS,"MFN by detailed HS codes (2,4,6 digit)",HS_A_0020,HS MFN - Maximum  ad valorem duty,840,United States of America,,,HS,Harmonized System,0104,Live sheep and goats.,A,Annual,A,Annual,PCT,Percent,2023,,,,0
TPA_MFN_HS,"MFN by detailed HS codes (2,4,6 digit)",HS_A_0020,HS MFN - Maximum  ad valorem duty,840,United States of America,,,HS,Harmonized System,010410,Sheep,A,Annual,A,Annual,PCT,Percent,2018,,,,0
TPA_MFN_HS,"MFN by detailed HS codes (2,4,6 digit)",HS_A_0020,HS MFN - Maximum  ad valorem duty,840,United States of America,,,HS,Harmonized System,010410,Sheep,A,Annual,A,Annual,PCT,Percent,2019,,,,0
TPA_MFN_HS,"MFN by detailed HS codes (2,4,6 digit)",HS_A_0020,HS MFN - Maximum  ad valorem duty,840,United States of America,,,HS,Harmonized System,010410,Sheep,A,Annual,A,Annual,PCT,Percent,2020,,,,0
TPA_MFN_HS,"MFN by detailed HS codes (2,4,6 digit)",HS_A_0020,HS MFN - Maximum  ad valorem duty,840,United States of America,,,HS,Harmonized System,010410,Sheep,A,Annual,A,Annual,PCT,Percent,2022,,,,0
TPA_MFN_HS,"MFN by detailed HS codes (2,4,6 digit)",HS_A_0020,HS MFN - Maximum  ad valorem duty,840,United States of America,,,HS,Harmonized System,010420,Goats,A,Annual,A,Annual,PCT,Percent,2020,,,,
TPA_MFN_HS,"MFN by detailed HS codes (2,4,6 digit)",HS_A_0020,HS MFN - Maximum  ad valorem duty,840,United States of America,,,HS,Harmonized System,010410,Sheep,A,Annual,A,Annual,PCT,Percent,2021,,,,0
TPA_MFN_HS,"MFN by detailed HS codes (2,4,6 digit)",HS_A_0020,HS MFN - Maximum  ad valorem duty,840,United States of America,,,HS,Harmonized System,010410,Sheep,A,Annual,A,Annual,PCT,Percent,2023,,,,0
TPA_MFN_HS,"MFN by detailed HS codes (2,4,6 digit)",HS_A_0020,HS MFN - Maximum  ad valorem duty,840,United States of America,,,HS,Harmonized System,010420,Goats,A,Annual,A,Annual,PCT,Percent,2018,,,,
TPA_MFN_HS,"MFN by detailed HS codes (2,4,6 digit)",HS_A_0020,HS MFN - Maximum  ad valorem duty,840,United States of America,,,HS,Harmonized System,010420,Goats,A,Annual,A,Annual,PCT,Percent,2019,,,,
TPA_MFN_HS,"MFN by detailed HS codes (2,4,6 digit)",HS_A_0020,HS MFN - Maximum  ad valorem duty,840,United States of America,,,HS,Harmonized System,010420,Goats,A,Annual,A,Annual,PCT,Percent,2021,,,,
TPA_MFN_HS,"MFN by detailed HS codes (2,4,6 digit)",HS_A_0020,HS MFN - Maximum  ad valorem duty,840,United States of America,,,HS,Harmonized System,010420,Goats,A,Annual,A,Annual,PCT,Percent,2022,,,,
TPA_MFN_HS,"MFN by detailed HS codes (2,4,6 digit)",HS_A_0020,HS MFN - Maximum  ad valorem duty,840,United States of America,,,HS,Harmonized System,010420,Goats,A,Annual,A,Annual,PCT,Percent,2023,,,,
TPA_MFN_HS,"MFN by detailed HS codes (2,4,6 digit)",HS_A_0020,HS MFN - Maximum  ad valorem duty,840,United States of America,,,HS,Harmonized System,0105,"Live poultry, that is to say, fowls of the species Gallus domesticus, ducks, geese, turkeys and guinea fowls.",A,Annual,A,Annual,PCT,Percent,2019,,,,
TPA_MFN_HS,"MFN by detailed HS codes (2,4,6 digit)",HS_A_0020,HS MFN - Maximum  ad valorem duty,840,United States of America,,,HS,Harmonized System,0105,"Live poultry, that is to say, fowls of the species Gallus domesticus, ducks, geese, turkeys and guinea fowls.",A,Annual,A,Annual,PCT,Percent,2020,,,,
TPA_MFN_HS,"MFN by detailed HS codes (2,4,6 digit)",HS_A_0020,HS MFN - Maximum  ad valorem duty,840,United States of America,,,HS,Harmonized System,0105,"Live poultry, that is to say, fowls of the species Gallus domesticus, ducks, geese, turkeys and guinea fowls.",A,Annual,A,Annual,PCT,Percent,2018,,,,
TPA_MFN_HS,"MFN by detailed HS codes (2,4,6 digit)",HS_A_0020,HS MFN - Maximum  ad valorem duty,840,United States of America,,,HS,Harmonized System,0105,"Live poultry, that is to say, fowls of the species Gallus domesticus, ducks, geese, turkeys and guinea fowls.",A,Annual,A,Annual,PCT,Percent,2021,,,,
TPA_MFN_HS,"MFN by detailed HS codes (2,4,6 digit)",HS_A_0020,HS MFN - Maximum  ad valorem duty,840,United States of America,,,HS,Harmonized System,0105,"Live poultry, that is to say, fowls of the species Gallus domesticus, ducks, geese, turkeys and guinea fowls.",A,Annual,A,Annual,PCT,Percent,2022,,,,
TPA_MFN_HS,"MFN by detailed HS codes (2,4,6 digit)",HS_A_0020,HS MFN - Maximum  ad valorem duty,840,United States of America,,,HS,Harmonized System,0105,"Live poultry, that is to say, fowls of the species Gallus domesticus, ducks, geese, turkeys and guinea fowls.",A,Annual,A,Annual,PCT,Percent,2023,,,,
TPA_MFN_HS,"MFN by detailed HS codes (2,4,6 digit)",HS_A_0020,HS MFN - Maximum  ad valorem duty,840,United States of America,,,HS,Harmonized System,010511,Fowls of the species Gallus domesticus,A,Annual,A,Annual,PCT,Percent,2019,,,,
TPA_MFN_HS,"MFN by detailed HS codes (2,4,6 digit)",HS_A_0020,HS MFN - Maximum  ad valorem duty,840,United States of America,,,HS,Harmonized System,010511,Fowls of the species Gallus domesticus,A,Annual,A,Annual,PCT,Percent,2020,,,,
TPA_MFN_HS,"MFN by detailed HS codes (2,4,6 digit)",HS_A_0020,HS MFN - Maximum  ad valorem duty,840,United States of America,,,HS,Harmonized System,010511,Fowls of the species Gallus domesticus,A,Annual,A,Annual,PCT,Percent,2018,,,,
TPA_MFN_HS,"MFN by detailed HS codes (2,4,6 digit)",HS_A_0020,HS MFN - Maximum  ad valorem duty,840,United States of America,,,HS,Harmonized System,010511,Fowls of the species Gallus domesticus,A,Annual,A,Annual,PCT,Percent,2021,,,,
TPA_MFN_HS,"MFN by detailed HS codes (2,4,6 digit)",HS_A_0020,HS MFN - Maximum  ad valorem duty,840,United States of America,,,HS,Harmonized System,010511,Fowls of the species Gallus domesticus,A,Annual,A,Annual,PCT,Percent,2022,,,,
TPA_MFN_HS,"MFN by detailed HS codes (2,4,6 digit)",HS_A_0020,HS MFN - Maximum  ad valorem duty,840,United States of America,,,HS,Harmonized System,010511,Fowls of the species Gallus domesticus,A,Annual,A,Annual,PCT,Percent,2023,,,,
TPA_MFN_HS,"MFN by detailed HS codes (2,4,6 digit)",HS_A_0020,HS MFN - Maximum  ad valorem duty,840,United States of America,,,HS,Harmonized System,010512,Turkeys,A,Annual,A,Annual,PCT,Percent,2018,,,,
TPA_MFN_HS,"MFN by detailed HS codes (2,4,6 digit)",HS_A_0020,HS MFN - Maximum  ad valorem duty,840,United States of America,,,HS,Harmonized System,010512,Turkeys,A,Annual,A,Annual,PCT,Percent,2019,,,,
TPA_MFN_HS,"MFN by detailed HS codes (2,4,6 digit)",HS_A_0020,HS MFN - Maximum  ad valorem duty,840,United States of America,,,HS,Harmonized System,010512,Turkeys,A,Annual,A,Annual,PCT,Percent,2020,,,,
TPA_MFN_HS,"MFN by detailed HS codes (2,4,6 digit)",HS_A_0020,HS MFN - Maximum  ad valorem duty,840,United States of America,,,HS,Harmonized System,010512,Turkeys,A,Annual,A,Annual,PCT,Percent,2022,,,,
TPA_MFN_HS,"MFN by detailed HS codes (2,4,6 digit)",HS_A_0020,HS MFN - Maximum  ad valorem duty,840,United States of America,,,HS,Harmonized System,010513,Ducks,A,Annual,A,Annual,PCT,Percent,2019,,,,
TPA_MFN_HS,"MFN by detailed HS codes (2,4,6 digit)",HS_A_0020,HS MFN - Maximum  ad valorem duty,840,United States of America,,,HS,Harmonized System,010513,Ducks,A,Annual,A,Annual,PCT,Percent,2020,,,,
TPA_MFN_HS,"MFN by detailed HS codes (2,4,6 digit)",HS_A_0020,HS MFN - Maximum  ad valorem duty,840,United States of America,,,HS,Harmonized System,010512,Turkeys,A,Annual,A,Annual,PCT,Percent,2021,,,,
TPA_MFN_HS,"MFN by detailed HS codes (2,4,6 digit)",HS_A_0020,HS MFN - Maximum  ad valorem duty,840,United States of America,,,HS,Harmonized System,010512,Turkeys,A,Annual,A,Annual,PCT,Percent,2023,,,,
TPA_MFN_HS,"MFN by detailed HS codes (2,4,6 digit)",HS_A_0020,HS MFN - Maximum  ad valorem duty,840,United States of America,,,HS,Harmonized System,010513,Ducks,A,Annual,A,Annual,PCT,Percent,2018,,,,
TPA_MFN_HS,"MFN by detailed HS codes (2,4,6 digit)",HS_A_0020,HS MFN - Maximum  ad valorem duty,840,United States of America,,,HS,Harmonized System,010514,Geese,A,Annual,A,Annual,PCT,Percent,2018,,,,
TPA_MFN_HS,"MFN by detailed HS codes (2,4,6 digit)",HS_A_0020,HS MFN - Maximum  ad valorem duty,840,United States of America,,,HS,Harmonized System,010514,Geese,A,Annual,A,Annual,PCT,Percent,2019,,,,
TPA_MFN_HS,"MFN by detailed HS codes (2,4,6 digit)",HS_A_0020,HS MFN - Maximum  ad valorem duty,840,United States of America,,,HS,Harmonized System,010514,Geese,A,Annual,A,Annual,PCT,Percent,2020,,,,
TPA_MFN_HS,"MFN by detailed HS codes (2,4,6 digit)",HS_A_0020,HS MFN - Maximum  ad valorem duty,840,United States of America,,,HS,Harmonized System,010513,Ducks,A,Annual,A,Annual,PCT,Percent,2021,,,,
TPA_MFN_HS,"MFN by detailed HS codes (2,4,6 digit)",HS_A_0020,HS MFN - Maximum  ad valorem duty,840,United States of America,,,HS,Harmonized System,010514,Geese,A,Annual,A,Annual,PCT,Percent,2021,,,,
TPA_MFN_HS,"MFN by detailed HS codes (2,4,6 digit)",HS_A_0020,HS MFN - Maximum  ad valorem duty,840,United States of America,,,HS,Harmonized System,010514,Geese,A,Annual,A,Annual,PCT,Percent,2022,,,,
TPA_MFN_HS,"MFN by detailed HS codes (2,4,6 digit)",HS_A_0020,HS MFN - Maximum  ad valorem duty,840,United States of America,,,HS,Harmonized System,010513,Ducks,A,Annual,A,Annual,PCT,Percent,2022,,,,
TPA_MFN_HS,"MFN by detailed HS codes (2,4,6 digit)",HS_A_0020,HS MFN - Maximum  ad valorem duty,840,United States of America,,,HS,Harmonized System,010513,Ducks,A,Annual,A,Annual,PCT,Percent,2023,,,,
TPA_MFN_HS,"MFN by detailed HS codes (2,4,6 digit)",HS_A_0020,HS MFN - Maximum  ad valorem duty,840,United States of America,,,HS,Harmonized System,010514,Geese,A,Annual,A,Annual,PCT,Percent,2023,,,,
TPA_MFN_HS,"MFN by detailed HS codes (2,4,6 digit)",HS_A_0020,HS MFN - Maximum  ad valorem duty,840,United States of America,,,HS,Harmonized System,010515,Guinea fowls,A,Annual,A,Annual,PCT,Percent,2018,,,,
TPA_MFN_HS,"MFN by detailed HS codes (2,4,6 digit)",HS_A_0020,HS MFN - Maximum  ad valorem duty,840,United States of America,,,HS,Harmonized System,010515,Guinea fowls,A,Annual,A,Annual,PCT,Percent,2019,,,,
TPA_MFN_HS,"MFN by detailed HS codes (2,4,6 digit)",HS_A_0020,HS MFN - Maximum  ad valorem duty,840,United States of America,,,HS,Harmonized System,010515,Guinea fowls,A,Annual,A,Annual,PCT,Percent,2020,,,,
TPA_MFN_HS,"MFN by detailed HS codes (2,4,6 digit)",HS_A_0020,HS MFN - Maximum  ad valorem duty,840,United States of America,,,HS,Harmonized System,010515,Guinea fowls,A,Annual,A,Annual,PCT,Percent,2021,,,,
TPA_MFN_HS,"MFN by detailed HS codes (2,4,6 digit)",HS_A_0020,HS MFN - Maximum  ad valorem duty,840,United States of America,,,HS,Harmonized System,010515,Guinea fowls,A,Annual,A,Annual,PCT,Percent,2022,,,,
TPA_MFN_HS,"MFN by detailed HS codes (2,4,6 digit)",HS_A_0020,HS MFN - Maximum  ad valorem duty,840,United States of America,,,HS,Harmonized System,010515,Guinea fowls,A,Annual,A,Annual,PCT,Percent,2023,,,,
TPA_MFN_HS,"MFN by detailed HS codes (2,4,6 digit)",HS_A_0020,HS MFN - Maximum  ad valorem duty,840,United States of America,,,HS,Harmonized System,010594,Fowls of the species Gallus domesticus,A,Annual,A,Annual,PCT,Percent,2018,,,,
TPA_MFN_HS,"MFN by detailed HS codes (2,4,6 digit)",HS_A_0020,HS MFN - Maximum  ad valorem duty,840,United States of America,,,HS,Harmonized System,010594,Fowls of the species Gallus domesticus,A,Annual,A,Annual,PCT,Percent,2019,,,,
TPA_MFN_HS,"MFN by detailed HS codes (2,4,6 digit)",HS_A_0020,HS MFN - Maximum  ad valorem duty,840,United States of America,,,HS,Harmonized System,010594,Fowls of the species Gallus domesticus,A,Annual,A,Annual,PCT,Percent,2020,,,,
TPA_MFN_HS,"MFN by detailed HS codes (2,4,6 digit)",HS_A_0020,HS MFN - Maximum  ad valorem duty,840,United States of America,,,HS,Harmonized System,010594,Fowls of the species Gallus domesticus,A,Annual,A,Annual,PCT,Percent,2021,,,,
TPA_MFN_HS,"MFN by detailed HS codes (2,4,6 digit)",HS_A_0020,HS MFN - Maximum  ad valorem duty,840,United States of America,,,HS,Harmonized System,010594,Fowls of the species Gallus domesticus,A,Annual,A,Annual,PCT,Percent,2022,,,,
TPA_MFN_HS,"MFN by detailed HS codes (2,4,6 digit)",HS_A_0020,HS MFN - Maximum  ad valorem duty,840,United States of America,,,HS,Harmonized System,010594,Fowls of the species Gallus domesticus,A,Annual,A,Annual,PCT,Percent,2023,,,,
TPA_MFN_HS,"MFN by detailed HS codes (2,4,6 digit)",HS_A_0020,HS MFN - Maximum  ad valorem duty,840,United States of America,,,HS,Harmonized System,010599,Other,A,Annual,A,Annual,PCT,Percent,2018,,,,
TPA_MFN_HS,"MFN by detailed HS codes (2,4,6 digit)",HS_A_0020,HS MFN - Maximum  ad valorem duty,840,United States of America,,,HS,Harmonized System,010599,Other,A,Annual,A,Annual,PCT,Percent,2019,,,,
TPA_MFN_HS,"MFN by detailed HS codes (2,4,6 digit)",HS_A_0020,HS MFN - Maximum  ad valorem duty,840,United States of America,,,HS,Harmonized System,010599,Other,A,Annual,A,Annual,PCT,Percent,2020,,,,
TPA_MFN_HS,"MFN by detailed HS codes (2,4,6 digit)",HS_A_0020,HS MFN - Maximum  ad valorem duty,840,United States of America,,,HS,Harmonized System,010599,Other,A,Annual,A,Annual,PCT,Percent,2022,,,,
TPA_MFN_HS,"MFN by detailed HS codes (2,4,6 digit)",HS_A_0020,HS MFN - Maximum  ad valorem duty,840,United States of America,,,HS,Harmonized System,0106,Other live animals.,A,Annual,A,Annual,PCT,Percent,2020,,,,5
TPA_MFN_HS,"MFN by detailed HS codes (2,4,6 digit)",HS_A_0020,HS MFN - Maximum  ad valorem duty,840,United States of America,,,HS,Harmonized System,010599,Other,A,Annual,A,Annual,PCT,Percent,2021,,,,
TPA_MFN_HS,"MFN by detailed HS codes (2,4,6 digit)",HS_A_0020,HS MFN - Maximum  ad valorem duty,840,United States of America,,,HS,Harmonized System,010599,Other,A,Annual,A,Annual,PCT,Percent,2023,,,,
TPA_MFN_HS,"MFN by detailed HS codes (2,4,6 digit)",HS_A_0020,HS MFN - Maximum  ad valorem duty,840,United States of America,,,HS,Harmonized System,0106,Other live animals.,A,Annual,A,Annual,PCT,Percent,2018,,,,5
TPA_MFN_HS,"MFN by detailed HS codes (2,4,6 digit)",HS_A_0020,HS MFN - Maximum  ad valorem duty,840,United States of America,,,HS,Harmonized System,0106,Other live animals.,A,Annual,A,Annual,PCT,Percent,2019,,,,5
TPA_MFN_HS,"MFN by detailed HS codes (2,4,6 digit)",HS_A_0020,HS MFN - Maximum  ad valorem duty,840,United States of America,,,HS,Harmonized System,0106,Other live animals.,A,Annual,A,Annual,PCT,Percent,2021,,,,5
TPA_MFN_HS,"MFN by detailed HS codes (2,4,6 digit)",HS_A_0020,HS MFN - Maximum  ad valorem duty,840,United States of America,,,HS,Harmonized System,0106,Other live animals.,A,Annual,A,Annual,PCT,Percent,2022,,,,5
TPA_MFN_HS,"MFN by detailed HS codes (2,4,6 digit)",HS_A_0020,HS MFN - Maximum  ad valorem duty,840,United States of America,,,HS,Harmonized System,0106,Other live animals.,A,Annual,A,Annual,PCT,Percent,2023,,,,5
TPA_MFN_HS,"MFN by detailed HS codes (2,4,6 digit)",HS_A_0020,HS MFN - Maximum  ad valorem duty,840,United States of America,,,HS,Harmonized System,01,Live animals,A,Annual,A,Annual,PCT,Percent,2019,,,,7
TPA_MFN_HS,"MFN by detailed HS codes (2,4,6 digit)",HS_A_0020,HS MFN - Maximum  ad valorem duty,840,United States of America,,,HS,Harmonized System,01,Live animals,A,Annual,A,Annual,PCT,Percent,2020,,,,7
TPA_MFN_HS,"MFN by detailed HS codes (2,4,6 digit)",HS_A_0020,HS MFN - Maximum  ad valorem duty,840,United States of America,,,HS,Harmonized System,01,Live animals,A,Annual,A,Annual,PCT,Percent,2018,,,,7
TPA_MFN_HS,"MFN by detailed HS codes (2,4,6 digit)",HS_A_0020,HS MFN - Maximum  ad valorem duty,840,United States of America,,,HS,Harmonized System,01,Live animals,A,Annual,A,Annual,PCT,Percent,2021,,,,7
TPA_MFN_HS,"MFN by detailed HS codes (2,4,6 digit)",HS_A_0020,HS MFN - Maximum  ad valorem duty,840,United States of America,,,HS,Harmonized System,01,Live animals,A,Annual,A,Annual,PCT,Percent,2022,,,,7
TPA_MFN_HS,"MFN by detailed HS codes (2,4,6 digit)",HS_A_0020,HS MFN - Maximum  ad valorem duty,840,United States of America,,,HS,Harmonized System,01,Live animals,A,Annual,A,Annual,PCT,Percent,2023,,,,7
TPA_MFN_HS,"MFN by detailed HS codes (2,4,6 digit)",HS_A_0020,HS MFN - Maximum  ad valorem duty,840,United States of America,,,HS,Harmonized System,0101,"Live horses, asses, mules and hinnies.",A,Annual,A,Annual,PCT,Percent,2020,,,,7
TPA_MFN_HS,"MFN by detailed HS codes (2,4,6 digit)",HS_A_0020,HS MFN - Maximum  ad valorem duty,840,United States of America,,,HS,Harmonized System,0101,"Live horses, asses, mules and hinnies.",A,Annual,A,Annual,PCT,Percent,2018,,,,7
TPA_MFN_HS,"MFN by detailed HS codes (2,4,6 digit)",HS_A_0020,HS MFN - Maximum  ad valorem duty,840,United States of America,,,HS,Harmonized System,0101,"Live horses, asses, mules and hinnies.",A,Annual,A,Annual,PCT,Percent,2019,,,,7
TPA_MFN_HS,"MFN by detailed HS codes (2,4,6 digit)",HS_A_0020,HS MFN - Maximum  ad valorem duty,840,United States of America,,,HS,Harmonized System,0101,"Live horses, asses, mules and hinnies.",A,Annual,A,Annual,PCT,Percent,2021,,,,7
TPA_MFN_HS,"MFN by detailed HS codes (2,4,6 digit)",HS_A_0020,HS MFN - Maximum  ad valorem duty,840,United States of America,,,HS,Harmonized System,0101,"Live horses, asses, mules and hinnies.",A,Annual,A,Annual,PCT,Percent,2022,,,,7
TPA_MFN_HS,"MFN by detailed HS codes (2,4,6 digit)",HS_A_0020,HS MFN - Maximum  ad valorem duty,840,United States of America,,,HS,Harmonized System,0101,"Live horses, asses, mules and hinnies.",A,Annual,A,Annual,PCT,Percent,2023,,,,7
TPA_MFN_HS,"MFN by detailed HS codes (2,4,6 digit)",HS_A_0020,HS MFN - Maximum  ad valorem duty,840,United States of America,,,HS,Harmonized System,010611,Primates,A,Annual,A,Annual,PCT,Percent,2018,,,,0
TPA_MFN_HS,"MFN by detailed HS codes (2,4,6 digit)",HS_A_0020,HS MFN - Maximum  ad valorem duty,840,United States of America,,,HS,Harmonized System,010611,Primates,A,Annual,A,Annual,PCT,Percent,2019,,,,0
TPA_MFN_HS,"MFN by detailed HS codes (2,4,6 digit)",HS_A_0020,HS MFN - Maximum  ad valorem duty,840,United States of America,,,HS,Harmonized System,010611,Primates,A,Annual,A,Annual,PCT,Percent,2020,,,,0
TPA_MFN_HS,"MFN by detailed HS codes (2,4,6 digit)",HS_A_0020,HS MFN - Maximum  ad valorem duty,840,United States of America,,,HS,Harmonized System,010611,Primates,A,Annual,A,Annual,PCT,Percent,2022,,,,0
TPA_MFN_HS,"MFN by detailed HS codes (2,4,6 digit)",HS_A_0020,HS MFN - Maximum  ad valorem duty,840,United States of America,,,HS,Harmonized System,010612,"Whales, dolphins and porpoises (mammals of the order Cetacea); manatees and dugongs (mammals of the order Sirenia)",A,Annual,A,Annual,PCT,Percent,2020,,,,0
TPA_MFN_HS,"MFN by detailed HS codes (2,4,6 digit)",HS_A_0020,HS MFN - Maximum  ad valorem duty,840,United States of America,,,HS,Harmonized System,010611,Primates,A,Annual,A,Annual,PCT,Percent,2021,,,,0
TPA_MFN_HS,"MFN by detailed HS codes (2,4,6 digit)",HS_A_0020,HS MFN - Maximum  ad valorem duty,840,United States of America,,,HS,Harmonized System,010611,Primates,A,Annual,A,Annual,PCT,Percent,2023,,,,0
TPA_MFN_HS,"MFN by detailed HS codes (2,4,6 digit)",HS_A_0020,HS MFN - Maximum  ad valorem duty,840,United States of America,,,HS,Harmonized System,010612,"Whales, dolphins and porpoises (mammals of the order Cetacea); manatees and dugongs (mammals of the order Sirenia)",A,Annual,A,Annual,PCT,Percent,2018,,,,0
TPA_MFN_HS,"MFN by detailed HS codes (2,4,6 digit)",HS_A_0020,HS MFN - Maximum  ad valorem duty,840,United States of America,,,HS,Harmonized System,010612,"Whales, dolphins and porpoises (mammals of the order Cetacea); manatees and dugongs (mammals of the order Sirenia)",A,Annual,A,Annual,PCT,Percent,2019,,,,0
TPA_MFN_HS,"MFN by detailed HS codes (2,4,6 digit)",HS_A_0020,HS MFN - Maximum  ad valorem duty,840,United States of America,,,HS,Harmonized System,010612,"Whales, dolphins and porpoises (mammals of the order Cetacea); manatees and dugongs (mammals of the order Sirenia)",A,Annual,A,Annual,PCT,Percent,2021,,,,0
TPA_MFN_HS,"MFN by detailed HS codes (2,4,6 digit)",HS_A_0020,HS MFN - Maximum  ad valorem duty,840,United States of America,,,HS,Harmonized System,010612,"Whales, dolphins and porpoises (mammals of the order Cetacea); manatees and dugongs (mammals of the order Sirenia)",A,Annual,A,Annual,PCT,Percent,2022,,,,0
TPA_MFN_HS,"MFN by detailed HS codes (2,4,6 digit)",HS_A_0020,HS MFN - Maximum  ad valorem duty,840,United States of America,,,HS,Harmonized System,010612,"Whales, dolphins and porpoises (mammals of the order Cetacea); manatees and dugongs (mammals of the order Sirenia)",A,Annual,A,Annual,PCT,Percent,2023,,,,0
TPA_MFN_HS,"MFN by detailed HS codes (2,4,6 digit)",HS_A_0020,HS MFN - Maximum  ad valorem duty,840,United States of America,,,HS,Harmonized System,010613,Camels and other camelids (Camelidae),A,Annual,A,Annual,PCT,Percent,2018,,,,0
TPA_MFN_HS,"MFN by detailed HS codes (2,4,6 digit)",HS_A_0020,HS MFN - Maximum  ad valorem duty,840,United States of America,,,HS,Harmonized System,010613,Camels and other camelids (Camelidae),A,Annual,A,Annual,PCT,Percent,2019,,,,0
TPA_MFN_HS,"MFN by detailed HS codes (2,4,6 digit)",HS_A_0020,HS MFN - Maximum  ad valorem duty,840,United States of America,,,HS,Harmonized System,010613,Camels and other camelids (Camelidae),A,Annual,A,Annual,PCT,Percent,2020,,,,0
TPA_MFN_HS,"MFN by detailed HS codes (2,4,6 digit)",HS_A_0020,HS MFN - Maximum  ad valorem duty,840,United States of America,,,HS,Harmonized System,010613,Camels and other camelids (Camelidae),A,Annual,A,Annual,PCT,Percent,2021,,,,0
TPA_MFN_HS,"MFN by detailed HS codes (2,4,6 digit)",HS_A_0020,HS MFN - Maximum  ad valorem duty,840,United States of America,,,HS,Harmonized System,010613,Camels and other camelids (Camelidae),A,Annual,A,Annual,PCT,Percent,2022,,,,0
TPA_MFN_HS,"MFN by detailed HS codes (2,4,6 digit)",HS_A_0020,HS MFN - Maximum  ad valorem duty,840,United States of America,,,HS,Harmonized System,010613,Camels and other camelids (Camelidae),A,Annual,A,Annual,PCT,Percent,2023,,,,0
TPA_MFN_HS,"MFN by detailed HS codes (2,4,6 digit)",HS_A_0020,HS MFN - Maximum  ad valorem duty,840,United States of America,,,HS,Harmonized System,010614,Rabbits and hares,A,Annual,A,Annual,PCT,Percent,2018,,,,0
TPA_MFN_HS,"MFN by detailed HS codes (2,4,6 digit)",HS_A_0020,HS MFN - Maximum  ad valorem duty,840,United States of America,,,HS,Harmonized System,010614,Rabbits and hares,A,Annual,A,Annual,PCT,Percent,2019,,,,0
TPA_MFN_HS,"MFN by detailed HS codes (2,4,6 digit)",HS_A_0020,HS MFN - Maximum  ad valorem duty,840,United States of America,,,HS,Harmonized System,010614,Rabbits and hares,A,Annual,A,Annual,PCT,Percent,2020,,,,0
TPA_MFN_HS,"MFN by detailed HS codes (2,4,6 digit)",HS_A_0020,HS MFN - Maximum  ad valorem duty,840,United States of America,,,HS,Harmonized System,010619,Other,A,Annual,A,Annual,PCT,Percent,2020,,,,5
TPA_MFN_HS,"MFN by detailed HS codes (2,4,6 digit)",HS_A_0020,HS MFN - Maximum  ad valorem duty,840,United States of America,,,HS,Harmonized System,010614,Rabbits and hares,A,Annual,A,Annual,PCT,Percent,2021,,,,0
TPA_MFN_HS,"MFN by detailed HS codes (2,4,6 digit)",HS_A_0020,HS MFN - Maximum  ad valorem duty,840,United States of America,,,HS,Harmonized System,010614,Rabbits and hares,A,Annual,A,Annual,PCT,Percent,2022,,,,0
TPA_MFN_HS,"MFN by detailed HS codes (2,4,6 digit)",HS_A_0020,HS MFN - Maximum  ad valorem duty,840,United States of America,,,HS,Harmonized System,010614,Rabbits and hares,A,Annual,A,Annual,PCT,Percent,2023,,,,0
TPA_MFN_HS,"MFN by detailed HS codes (2,4,6 digit)",HS_A_0020,HS MFN - Maximum  ad valorem duty,840,United States of America,,,HS,Harmonized System,010619,Other,A,Annual,A,Annual,PCT,Percent,2018,,,,5
TPA_MFN_HS,"MFN by detailed HS codes (2,4,6 digit)",HS_A_0020,HS MFN - Maximum  ad valorem duty,840,United States of America,,,HS,Harmonized System,010619,Other,A,Annual,A,Annual,PCT,Percent,2019,,,,5
TPA_MFN_HS,"MFN by detailed HS codes (2,4,6 digit)",HS_A_0020,HS MFN - Maximum  ad valorem duty,840,United States of America,,,HS,Harmonized System,010619,Other,A,Annual,A,Annual,PCT,Percent,2021,,,,5
TPA_MFN_HS,"MFN by detailed HS codes (2,4,6 digit)",HS_A_0020,HS MFN - Maximum  ad valorem duty,840,United States of America,,,HS,Harmonized System,010619,Other,A,Annual,A,Annual,PCT,Percent,2022,,,,5
TPA_MFN_HS,"MFN by detailed HS codes (2,4,6 digit)",HS_A_0020,HS MFN - Maximum  ad valorem duty,840,United States of America,,,HS,Harmonized System,010619,Other,A,Annual,A,Annual,PCT,Percent,2023,,,,5
TPA_MFN_HS,"MFN by detailed HS codes (2,4,6 digit)",HS_A_0020,HS MFN - Maximum  ad valorem duty,840,United States of America,,,HS,Harmonized System,010620,Reptiles (including snakes and turtles),A,Annual,A,Annual,PCT,Percent,2018,,,,0
TPA_MFN_HS,"MFN by detailed HS codes (2,4,6 digit)",HS_A_0020,HS MFN - Maximum  ad valorem duty,840,United States of America,,,HS,Harmonized System,010620,Reptiles (including snakes and turtles),A,Annual,A,Annual,PCT,Percent,2019,,,,0
TPA_MFN_HS,"MFN by detailed HS codes (2,4,6 digit)",HS_A_0020,HS MFN - Maximum  ad valorem duty,840,United States of America,,,HS,Harmonized System,010620,Reptiles (including snakes and turtles),A,Annual,A,Annual,PCT,Percent,2020,,,,0
TPA_MFN_HS,"MFN by detailed HS codes (2,4,6 digit)",HS_A_0020,HS MFN - Maximum  ad valorem duty,840,United States of America,,,HS,Harmonized System,010620,Reptiles (including snakes and turtles),A,Annual,A,Annual,PCT,Percent,2021,,,,0
TPA_MFN_HS,"MFN by detailed HS codes (2,4,6 digit)",HS_A_0020,HS MFN - Maximum  ad valorem duty,840,United States of America,,,HS,Harmonized System,010620,Reptiles (including snakes and turtles),A,Annual,A,Annual,PCT,Percent,2022,,,,0
TPA_MFN_HS,"MFN by detailed HS codes (2,4,6 digit)",HS_A_0020,HS MFN - Maximum  ad valorem duty,840,United States of America,,,HS,Harmonized System,010620,Reptiles (including snakes and turtles),A,Annual,A,Annual,PCT,Percent,2023,,,,0
TPA_MFN_HS,"MFN by detailed HS codes (2,4,6 digit)",HS_A_0020,HS MFN - Maximum  ad valorem duty,840,United States of America,,,HS,Harmonized System,010631,Birds of prey,A,Annual,A,Annual,PCT,Percent,2018,,,,2
TPA_MFN_HS,"MFN by detailed HS codes (2,4,6 digit)",HS_A_0020,HS MFN - Maximum  ad valorem duty,840,United States of America,,,HS,Harmonized System,010631,Birds of prey,A,Annual,A,Annual,PCT,Percent,2019,,,,2
TPA_MFN_HS,"MFN by detailed HS codes (2,4,6 digit)",HS_A_0020,HS MFN - Maximum  ad valorem duty,840,United States of America,,,HS,Harmonized System,010631,Birds of prey,A,Annual,A,Annual,PCT,Percent,2020,,,,2
TPA_MFN_HS,"MFN by detailed HS codes (2,4,6 digit)",HS_A_0020,HS MFN - Maximum  ad valorem duty,840,United States of America,,,HS,Harmonized System,010631,Birds of prey,A,Annual,A,Annual,PCT,Percent,2022,,,,2
TPA_MFN_HS,"MFN by detailed HS codes (2,4,6 digit)",HS_A_0020,HS MFN - Maximum  ad valorem duty,840,United States of America,,,HS,Harmonized System,010632,"Psittaciformes (including parrots, parakeets, macaws and cockatoos)",A,Annual,A,Annual,PCT,Percent,2019,,,,2
TPA_MFN_HS,"MFN by detailed HS codes (2,4,6 digit)",HS_A_0020,HS MFN - Maximum  ad valorem duty,840,United States of America,,,HS,Harmonized System,010632,"Psittaciformes (including parrots, parakeets, macaws and cockatoos)",A,Annual,A,Annual,PCT,Percent,2020,,,,2
TPA_MFN_HS,"MFN by detailed HS codes (2,4,6 digit)",HS_A_0020,HS MFN - Maximum  ad valorem duty,840,United States of America,,,HS,Harmonized System,010631,Birds of prey,A,Annual,A,Annual,PCT,Percent,2021,,,,2
TPA_MFN_HS,"MFN by detailed HS codes (2,4,6 digit)",HS_A_0020,HS MFN - Maximum  ad valorem duty,840,United States of America,,,HS,Harmonized System,010631,Birds of prey,A,Annual,A,Annual,PCT,Percent,2023,,,,2
TPA_MFN_HS,"MFN by detailed HS codes (2,4,6 digit)",HS_A_0020,HS MFN - Maximum  ad valorem duty,840,United States of America,,,HS,Harmonized System,010632,"Psittaciformes (including parrots, parakeets, macaws and cockatoos)",A,Annual,A,Annual,PCT,Percent,2018,,,,2
TPA_MFN_HS,"MFN by detailed HS codes (2,4,6 digit)",HS_A_0020,HS MFN - Maximum  ad valorem duty,840,United States of America,,,HS,Harmonized System,010632,"Psittaciformes (including parrots, parakeets, macaws and cockatoos)",A,Annual,A,Annual,PCT,Percent,2021,,,,2
TPA_MFN_HS,"MFN by detailed HS codes (2,4,6 digit)",HS_A_0020,HS MFN - Maximum  ad valorem duty,840,United States of America,,,HS,Harmonized System,010632,"Psittaciformes (including parrots, parakeets, macaws and cockatoos)",A,Annual,A,Annual,PCT,Percent,2022,,,,2
TPA_MFN_HS,"MFN by detailed HS codes (2,4,6 digit)",HS_A_0020,HS MFN - Maximum  ad valorem duty,840,United States of America,,,HS,Harmonized System,010632,"Psittaciformes (including parrots, parakeets, macaws and cockatoos)",A,Annual,A,Annual,PCT,Percent,2023,,,,2
TPA_MFN_HS,"MFN by detailed HS codes (2,4,6 digit)",HS_A_0020,HS MFN - Maximum  ad valorem duty,840,United States of America,,,HS,Harmonized System,010633,Ostriches; emus (Dromaius novaehollandiae),A,Annual,A,Annual,PCT,Percent,2018,,,,2
TPA_MFN_HS,"MFN by detailed HS codes (2,4,6 digit)",HS_A_0020,HS MFN - Maximum  ad valorem duty,840,United States of America,,,HS,Harmonized System,010633,Ostriches; emus (Dromaius novaehollandiae),A,Annual,A,Annual,PCT,Percent,2019,,,,2
TPA_MFN_HS,"MFN by detailed HS codes (2,4,6 digit)",HS_A_0020,HS MFN - Maximum  ad valorem duty,840,United States of America,,,HS,Harmonized System,010633,Ostriches; emus (Dromaius novaehollandiae),A,Annual,A,Annual,PCT,Percent,2020,,,,2
TPA_MFN_HS,"MFN by detailed HS codes (2,4,6 digit)",HS_A_0020,HS MFN - Maximum  ad valorem duty,840,United States of America,,,HS,Harmonized System,010633,Ostriches; emus (Dromaius novaehollandiae),A,Annual,A,Annual,PCT,Percent,2021,,,,2
TPA_MFN_HS,"MFN by detailed HS codes (2,4,6 digit)",HS_A_0020,HS MFN - Maximum  ad valorem duty,840,United States of America,,,HS,Harmonized System,010633,Ostriches; emus (Dromaius novaehollandiae),A,Annual,A,Annual,PCT,Percent,2022,,,,2
TPA_MFN_HS,"MFN by detailed HS codes (2,4,6 digit)",HS_A_0020,HS MFN - Maximum  ad valorem duty,840,United States of America,,,HS,Harmonized System,010633,Ostriches; emus (Dromaius novaehollandiae),A,Annual,A,Annual,PCT,Percent,2023,,,,2
TPA_MFN_HS,"MFN by detailed HS codes (2,4,6 digit)",HS_A_0020,HS MFN - Maximum  ad valorem duty,840,United States of America,,,HS,Harmonized System,010639,Other,A,Annual,A,Annual,PCT,Percent,2018,,,,2
TPA_MFN_HS,"MFN by detailed HS codes (2,4,6 digit)",HS_A_0020,HS MFN - Maximum  ad valorem duty,840,United States of America,,,HS,Harmonized System,010639,Other,A,Annual,A,Annual,PCT,Percent,2019,,,,2
TPA_MFN_HS,"MFN by detailed HS codes (2,4,6 digit)",HS_A_0020,HS MFN - Maximum  ad valorem duty,840,United States of America,,,HS,Harmonized System,010639,Other,A,Annual,A,Annual,PCT,Percent,2020,,,,2
TPA_MFN_HS,"MFN by detailed HS codes (2,4,6 digit)",HS_A_0020,HS MFN - Maximum  ad valorem duty,840,United States of America,,,HS,Harmonized System,010639,Other,A,Annual,A,Annual,PCT,Percent,2021,,,,2
TPA_MFN_HS,"MFN by detailed HS codes (2,4,6 digit)",HS_A_0020,HS MFN - Maximum  ad valorem duty,840,United States of America,,,HS,Harmonized System,010639,Other,A,Annual,A,Annual,PCT,Percent,2022,,,,2
TPA_MFN_HS,"MFN by detailed HS codes (2,4,6 digit)",HS_A_0020,HS MFN - Maximum  ad valorem duty,840,United States of America,,,HS,Harmonized System,010639,Other,A,Annual,A,Annual,PCT,Percent,2023,,,,2
TPA_MFN_HS,"MFN by detailed HS codes (2,4,6 digit)",HS_A_0020,HS MFN - Maximum  ad valorem duty,840,United States of America,,,HS,Harmonized System,010641,Bees,A,Annual,A,Annual,PCT,Percent,2018,,,,0
TPA_MFN_HS,"MFN by detailed HS codes (2,4,6 digit)",HS_A_0020,HS MFN - Maximum  ad valorem duty,840,United States of America,,,HS,Harmonized System,010649,Other,A,Annual,A,Annual,PCT,Percent,2018,,,,0
TPA_MFN_HS,"MFN by detailed HS codes (2,4,6 digit)",HS_A_0020,HS MFN - Maximum  ad valorem duty,840,United States of America,,,HS,Harmonized System,010649,Other,A,Annual,A,Annual,PCT,Percent,2019,,,,0
TPA_MFN_HS,"MFN by detailed HS codes (2,4,6 digit)",HS_A_0020,HS MFN - Maximum  ad valorem duty,840,United States of America,,,HS,Harmonized System,010641,Bees,A,Annual,A,Annual,PCT,Percent,2019,,,,0
TPA_MFN_HS,"MFN by detailed HS codes (2,4,6 digit)",HS_A_0020,HS MFN - Maximum  ad valorem duty,840,United States of America,,,HS,Harmonized System,010641,Bees,A,Annual,A,Annual,PCT,Percent,2020,,,,0
TPA_MFN_HS,"MFN by detailed HS codes (2,4,6 digit)",HS_A_0020,HS MFN - Maximum  ad valorem duty,840,United States of America,,,HS,Harmonized System,010649,Other,A,Annual,A,Annual,PCT,Percent,2020,,,,0
TPA_MFN_HS,"MFN by detailed HS codes (2,4,6 digit)",HS_A_0020,HS MFN - Maximum  ad valorem duty,840,United States of America,,,HS,Harmonized System,010641,Bees,A,Annual,A,Annual,PCT,Percent,2021,,,,0
TPA_MFN_HS,"MFN by detailed HS codes (2,4,6 digit)",HS_A_0020,HS MFN - Maximum  ad valorem duty,840,United States of America,,,HS,Harmonized System,010641,Bees,A,Annual,A,Annual,PCT,Percent,2022,,,,0
TPA_MFN_HS,"MFN by detailed HS codes (2,4,6 digit)",HS_A_0020,HS MFN - Maximum  ad valorem duty,840,United States of America,,,HS,Harmonized System,010649,Other,A,Annual,A,Annual,PCT,Percent,2022,,,,0
TPA_MFN_HS,"MFN by detailed HS codes (2,4,6 digit)",HS_A_0020,HS MFN - Maximum  ad valorem duty,840,United States of America,,,HS,Harmonized System,010641,Bees,A,Annual,A,Annual,PCT,Percent,2023,,,,0
TPA_MFN_HS,"MFN by detailed HS codes (2,4,6 digit)",HS_A_0020,HS MFN - Maximum  ad valorem duty,840,United States of America,,,HS,Harmonized System,010690,Other,A,Annual,A,Annual,PCT,Percent,2018,,,,0
TPA_MFN_HS,"MFN by detailed HS codes (2,4,6 digit)",HS_A_0020,HS MFN - Maximum  ad valorem duty,840,United States of America,,,HS,Harmonized System,010690,Other,A,Annual,A,Annual,PCT,Percent,2019,,,,0
TPA_MFN_HS,"MFN by detailed HS codes (2,4,6 digit)",HS_A_0020,HS MFN - Maximum  ad valorem duty,840,United States of America,,,HS,Harmonized System,010690,Other,A,Annual,A,Annual,PCT,Percent,2020,,,,0
TPA_MFN_HS,"MFN by detailed HS codes (2,4,6 digit)",HS_A_0020,HS MFN - Maximum  ad valorem duty,840,United States of America,,,HS,Harmonized System,010649,Other,A,Annual,A,Annual,PCT,Percent,2021,,,,0
TPA_MFN_HS,"MFN by detailed HS codes (2,4,6 digit)",HS_A_0020,HS MFN - Maximum  ad valorem duty,840,United States of America,,,HS,Harmonized System,010690,Other,A,Annual,A,Annual,PCT,Percent,2022,,,,0
TPA_MFN_HS,"MFN by detailed HS codes (2,4,6 digit)",HS_A_0020,HS MFN - Maximum  ad valorem duty,840,United States of America,,,HS,Harmonized System,010690,Other,A,Annual,A,Annual,PCT,Percent,2023,,,,0
TPA_MFN_HS,"MFN by detailed HS codes (2,4,6 digit)",HS_A_0020,HS MFN - Maximum  ad valorem duty,840,United States of America,,,HS,Harmonized System,010649,Other,A,Annual,A,Annual,PCT,Percent,2023,,,,0
TPA_MFN_HS,"MFN by detailed HS codes (2,4,6 digit)",HS_A_0020,HS MFN - Maximum  ad valorem duty,840,United States of America,,,HS,Harmonized System,02,Meat and edible meat offal,A,Annual,A,Annual,PCT,Percent,2019,,,,26
TPA_MFN_HS,"MFN by detailed HS codes (2,4,6 digit)",HS_A_0020,HS MFN - Maximum  ad valorem duty,840,United States of America,,,HS,Harmonized System,02,Meat and edible meat offal,A,Annual,A,Annual,PCT,Percent,2020,,,,26
TPA_MFN_HS,"MFN by detailed HS codes (2,4,6 digit)",HS_A_0020,HS MFN - Maximum  ad valorem duty,840,United States of America,,,HS,Harmonized System,010690,Other,A,Annual,A,Annual,PCT,Percent,2021,,,,0
TPA_MFN_HS,"MFN by detailed HS codes (2,4,6 digit)",HS_A_0020,HS MFN - Maximum  ad valorem duty,840,United States of America,,,HS,Harmonized System,02,Meat and edible meat offal,A,Annual,A,Annual,PCT,Percent,2018,,,,26
TPA_MFN_HS,"MFN by detailed HS codes (2,4,6 digit)",HS_A_0020,HS MFN - Maximum  ad valorem duty,840,United States of America,,,HS,Harmonized System,02,Meat and edible meat offal,A,Annual,A,Annual,PCT,Percent,2021,,,,26
TPA_MFN_HS,"MFN by detailed HS codes (2,4,6 digit)",HS_A_0020,HS MFN - Maximum  ad valorem duty,840,United States of America,,,HS,Harmonized System,02,Meat and edible meat offal,A,Annual,A,Annual,PCT,Percent,2022,,,,26
TPA_MFN_HS,"MFN by detailed HS codes (2,4,6 digit)",HS_A_0020,HS MFN - Maximum  ad valorem duty,840,United States of America,,,HS,Harmonized System,02,Meat and edible meat offal,A,Annual,A,Annual,PCT,Percent,2023,,,,26
TPA_MFN_HS,"MFN by detailed HS codes (2,4,6 digit)",HS_A_0020,HS MFN - Maximum  ad valorem duty,840,United States of America,,,HS,Harmonized System,03,"Fish and crustaceans, molluscs and other aquatic invertebrates",A,Annual,A,Annual,PCT,Percent,2018,,,,15
TPA_MFN_HS,"MFN by detailed HS codes (2,4,6 digit)",HS_A_0020,HS MFN - Maximum  ad valorem duty,840,United States of America,,,HS,Harmonized System,03,"Fish and crustaceans, molluscs and other aquatic invertebrates",A,Annual,A,Annual,PCT,Percent,2019,,,,15
TPA_MFN_HS,"MFN by detailed HS codes (2,4,6 digit)",HS_A_0020,HS MFN - Maximum  ad valorem duty,840,United States of America,,,HS,Harmonized System,03,"Fish and crustaceans, molluscs and other aquatic invertebrates",A,Annual,A,Annual,PCT,Percent,2020,,,,15
TPA_MFN_HS,"MFN by detailed HS codes (2,4,6 digit)",HS_A_0020,HS MFN - Maximum  ad valorem duty,840,United States of America,,,HS,Harmonized System,03,"Fish and crustaceans, molluscs and other aquatic invertebrates",A,Annual,A,Annual,PCT,Percent,2021,,,,15
TPA_MFN_HS,"MFN by detailed HS codes (2,4,6 digit)",HS_A_0020,HS MFN - Maximum  ad valorem duty,840,United States of America,,,HS,Harmonized System,03,"Fish and crustaceans, molluscs and other aquatic invertebrates",A,Annual,A,Annual,PCT,Percent,2022,,,,15
TPA_MFN_HS,"MFN by detailed HS codes (2,4,6 digit)",HS_A_0020,HS MFN - Maximum  ad valorem duty,840,United States of America,,,HS,Harmonized System,03,"Fish and crustaceans, molluscs and other aquatic invertebrates",A,Annual,A,Annual,PCT,Percent,2023,,,,15
TPA_MFN_HS,"MFN by detailed HS codes (2,4,6 digit)",HS_A_0020,HS MFN - Maximum  ad valorem duty,840,United States of America,,,HS,Harmonized System,09,"Coffee, tea, mate and spices",A,Annual,A,Annual,PCT,Percent,2018,,,,6
TPA_MFN_HS,"MFN by detailed HS codes (2,4,6 digit)",HS_A_0020,HS MFN - Maximum  ad valorem duty,840,United States of America,,,HS,Harmonized System,09,"Coffee, tea, mate and spices",A,Annual,A,Annual,PCT,Percent,2019,,,,6
TPA_MFN_HS,"MFN by detailed HS codes (2,4,6 digit)",HS_A_0020,HS MFN - Maximum  ad valorem duty,840,United States of America,,,HS,Harmonized System,09,"Coffee, tea, mate and spices",A,Annual,A,Annual,PCT,Percent,2020,,,,6
TPA_MFN_HS,"MFN by detailed HS codes (2,4,6 digit)",HS_A_0020,HS MFN - Maximum  ad valorem duty,840,United States of America,,,HS,Harmonized System,09,"Coffee, tea, mate and spices",A,Annual,A,Annual,PCT,Percent,2021,,,,6
TPA_MFN_HS,"MFN by detailed HS codes (2,4,6 digit)",HS_A_0020,HS MFN - Maximum  ad valorem duty,840,United States of America,,,HS,Harmonized System,09,"Coffee, tea, mate and spices",A,Annual,A,Annual,PCT,Percent,2022,,,,6
TPA_MFN_HS,"MFN by detailed HS codes (2,4,6 digit)",HS_A_0020,HS MFN - Maximum  ad valorem duty,840,United States of America,,,HS,Harmonized System,09,"Coffee, tea, mate and spices",A,Annual,A,Annual,PCT,Percent,2023,,,,6
TPA_MFN_HS,"MFN by detailed HS codes (2,4,6 digit)",HS_A_0020,HS MFN - Maximum  ad valorem duty,840,United States of America,,,HS,Harmonized System,06,"Live trees and other plants; bulbs, roots and the like; cut flowers and ornamental foliage",A,Annual,A,Annual,PCT,Percent,2018,,,,7
TPA_MFN_HS,"MFN by detailed HS codes (2,4,6 digit)",HS_A_0020,HS MFN - Maximum  ad valorem duty,840,United States of America,,,HS,Harmonized System,06,"Live trees and other plants; bulbs, roots and the like; cut flowers and ornamental foliage",A,Annual,A,Annual,PCT,Percent,2019,,,,7
TPA_MFN_HS,"MFN by detailed HS codes (2,4,6 digit)",HS_A_0020,HS MFN - Maximum  ad valorem duty,840,United States of America,,,HS,Harmonized System,06,"Live trees and other plants; bulbs, roots and the like; cut flowers and ornamental foliage",A,Annual,A,Annual,PCT,Percent,2020,,,,7
TPA_MFN_HS,"MFN by detailed HS codes (2,4,6 digit)",HS_A_0020,HS MFN - Maximum  ad valorem duty,840,United States of America,,,HS,Harmonized System,06,"Live trees and other plants; bulbs, roots and the like; cut flowers and ornamental foliage",A,Annual,A,Annual,PCT,Percent,2021,,,,7
TPA_MFN_HS,"MFN by detailed HS codes (2,4,6 digit)",HS_A_0020,HS MFN - Maximum  ad valorem duty,840,United States of America,,,HS,Harmonized System,06,"Live trees and other plants; bulbs, roots and the like; cut flowers and ornamental foliage",A,Annual,A,Annual,PCT,Percent,2022,,,,7
TPA_MFN_HS,"MFN by detailed HS codes (2,4,6 digit)",HS_A_0020,HS MFN - Maximum  ad valorem duty,840,United States of America,,,HS,Harmonized System,06,"Live trees and other plants; bulbs, roots and the like; cut flowers and ornamental foliage",A,Annual,A,Annual,PCT,Percent,2023,,,,7
TPA_MFN_HS,"MFN by detailed HS codes (2,4,6 digit)",HS_A_0020,HS MFN - Maximum  ad valorem duty,840,United States of America,,,HS,Harmonized System,05,"Products of animal origin, not elsewhere specified or included",A,Annual,A,Annual,PCT,Percent,2018,,,,5
TPA_MFN_HS,"MFN by detailed HS codes (2,4,6 digit)",HS_A_0020,HS MFN - Maximum  ad valorem duty,840,United States of America,,,HS,Harmonized System,05,"Products of animal origin, not elsewhere specified or included",A,Annual,A,Annual,PCT,Percent,2019,,,,5
TPA_MFN_HS,"MFN by detailed HS codes (2,4,6 digit)",HS_A_0020,HS MFN - Maximum  ad valorem duty,840,United States of America,,,HS,Harmonized System,05,"Products of animal origin, not elsewhere specified or included",A,Annual,A,Annual,PCT,Percent,2020,,,,5
TPA_MFN_HS,"MFN by detailed HS codes (2,4,6 digit)",HS_A_0020,HS MFN - Maximum  ad valorem duty,840,United States of America,,,HS,Harmonized System,05,"Products of animal origin, not elsewhere specified or included",A,Annual,A,Annual,PCT,Percent,2021,,,,5
TPA_MFN_HS,"MFN by detailed HS codes (2,4,6 digit)",HS_A_0020,HS MFN - Maximum  ad valorem duty,840,United States of America,,,HS,Harmonized System,05,"Products of animal origin, not elsewhere specified or included",A,Annual,A,Annual,PCT,Percent,2022,,,,5
TPA_MFN_HS,"MFN by detailed HS codes (2,4,6 digit)",HS_A_0020,HS MFN - Maximum  ad valorem duty,840,United States of America,,,HS,Harmonized System,05,"Products of animal origin, not elsewhere specified or included",A,Annual,A,Annual,PCT,Percent,2023,,,,5
TPA_MFN_HS,"MFN by detailed HS codes (2,4,6 digit)",HS_A_0020,HS MFN - Maximum  ad valorem duty,840,United States of America,,,HS,Harmonized System,04,"Dairy produce; birds' eggs; natural honey; edible products of animal origin, not elsewhere specified or included",A,Annual,A,Annual,PCT,Percent,2018,,,,25
TPA_MFN_HS,"MFN by detailed HS codes (2,4,6 digit)",HS_A_0020,HS MFN - Maximum  ad valorem duty,840,United States of America,,,HS,Harmonized System,04,"Dairy produce; birds' eggs; natural honey; edible products of animal origin, not elsewhere specified or included",A,Annual,A,Annual,PCT,Percent,2019,,,,25
TPA_MFN_HS,"MFN by detailed HS codes (2,4,6 digit)",HS_A_0020,HS MFN - Maximum  ad valorem duty,840,United States of America,,,HS,Harmonized System,04,"Dairy produce; birds' eggs; natural honey; edible products of animal origin, not elsewhere specified or included",A,Annual,A,Annual,PCT,Percent,2020,,,,25
TPA_MFN_HS,"MFN by detailed HS codes (2,4,6 digit)",HS_A_0020,HS MFN - Maximum  ad valorem duty,840,United States of America,,,HS,Harmonized System,04,"Dairy produce; birds' eggs; natural honey; edible products of animal origin, not elsewhere specified or included",A,Annual,A,Annual,PCT,Percent,2021,,,,25
TPA_MFN_HS,"MFN by detailed HS codes (2,4,6 digit)",HS_A_0020,HS MFN - Maximum  ad valorem duty,840,United States of America,,,HS,Harmonized System,04,"Dairy produce; birds' eggs; natural honey; edible products of animal origin, not elsewhere specified or included",A,Annual,A,Annual,PCT,Percent,2022,,,,25
TPA_MFN_HS,"MFN by detailed HS codes (2,4,6 digit)",HS_A_0020,HS MFN - Maximum  ad valorem duty,840,United States of America,,,HS,Harmonized System,04,"Dairy produce; birds' eggs; natural honey; edible products of animal origin, not elsewhere specified or included",A,Annual,A,Annual,PCT,Percent,2023,,,,25
TPA_MFN_HS,"MFN by detailed HS codes (2,4,6 digit)",HS_A_0020,HS MFN - Maximum  ad valorem duty,840,United States of America,,,HS,Harmonized System,10,Cereals,A,Annual,A,Annual,PCT,Percent,2018,,,,11
TPA_MFN_HS,"MFN by detailed HS codes (2,4,6 digit)",HS_A_0020,HS MFN - Maximum  ad valorem duty,840,United States of America,,,HS,Harmonized System,10,Cereals,A,Annual,A,Annual,PCT,Percent,2019,,,,11
TPA_MFN_HS,"MFN by detailed HS codes (2,4,6 digit)",HS_A_0020,HS MFN - Maximum  ad valorem duty,840,United States of America,,,HS,Harmonized System,10,Cereals,A,Annual,A,Annual,PCT,Percent,2020,,,,11
TPA_MFN_HS,"MFN by detailed HS codes (2,4,6 digit)",HS_A_0020,HS MFN - Maximum  ad valorem duty,840,United States of America,,,HS,Harmonized System,08,Edible fruit and nuts; peel of citrus fruit or melons,A,Annual,A,Annual,PCT,Percent,2020,,,,30
TPA_MFN_HS,"MFN by detailed HS codes (2,4,6 digit)",HS_A_0020,HS MFN - Maximum  ad valorem duty,840,United States of America,,,HS,Harmonized System,10,Cereals,A,Annual,A,Annual,PCT,Percent,2021,,,,11
TPA_MFN_HS,"MFN by detailed HS codes (2,4,6 digit)",HS_A_0020,HS MFN - Maximum  ad valorem duty,840,United States of America,,,HS,Harmonized System,10,Cereals,A,Annual,A,Annual,PCT,Percent,2022,,,,11
TPA_MFN_HS,"MFN by detailed HS codes (2,4,6 digit)",HS_A_0020,HS MFN - Maximum  ad valorem duty,840,United States of America,,,HS,Harmonized System,10,Cereals,A,Annual,A,Annual,PCT,Percent,2023,,,,11
TPA_MFN_HS,"MFN by detailed HS codes (2,4,6 digit)",HS_A_0020,HS MFN - Maximum  ad valorem duty,840,United States of America,,,HS,Harmonized System,08,Edible fruit and nuts; peel of citrus fruit or melons,A,Annual,A,Annual,PCT,Percent,2018,,,,30
TPA_MFN_HS,"MFN by detailed HS codes (2,4,6 digit)",HS_A_0020,HS MFN - Maximum  ad valorem duty,840,United States of America,,,HS,Harmonized System,08,Edible fruit and nuts; peel of citrus fruit or melons,A,Annual,A,Annual,PCT,Percent,2019,,,,30
TPA_MFN_HS,"MFN by detailed HS codes (2,4,6 digit)",HS_A_0020,HS MFN - Maximum  ad valorem duty,840,United States of America,,,HS,Harmonized System,08,Edible fruit and nuts; peel of citrus fruit or melons,A,Annual,A,Annual,PCT,Percent,2021,,,,30
TPA_MFN_HS,"MFN by detailed HS codes (2,4,6 digit)",HS_A_0020,HS MFN - Maximum  ad valorem duty,840,United States of America,,,HS,Harmonized System,08,Edible fruit and nuts; peel of citrus fruit or melons,A,Annual,A,Annual,PCT,Percent,2023,,,,30
TPA_MFN_HS,"MFN by detailed HS codes (2,4,6 digit)",HS_A_0020,HS MFN - Maximum  ad valorem duty,840,United States of America,,,HS,Harmonized System,07,Edible vegetables and certain roots and tubers,A,Annual,A,Annual,PCT,Percent,2019,,,,30
TPA_MFN_HS,"MFN by detailed HS codes (2,4,6 digit)",HS_A_0020,HS MFN - Maximum  ad valorem duty,840,United States of America,,,HS,Harmonized System,07,Edible vegetables and certain roots and tubers,A,Annual,A,Annual,PCT,Percent,2020,,,,30
TPA_MFN_HS,"MFN by detailed HS codes (2,4,6 digit)",HS_A_0020,HS MFN - Maximum  ad valorem duty,840,United States of America,,,HS,Harmonized System,08,Edible fruit and nuts; peel of citrus fruit or melons,A,Annual,A,Annual,PCT,Percent,2022,,,,30
TPA_MFN_HS,"MFN by detailed HS codes (2,4,6 digit)",HS_A_0020,HS MFN - Maximum  ad valorem duty,840,United States of America,,,HS,Harmonized System,07,Edible vegetables and certain roots and tubers,A,Annual,A,Annual,PCT,Percent,2018,,,,30
TPA_MFN_HS,"MFN by detailed HS codes (2,4,6 digit)",HS_A_0020,HS MFN - Maximum  ad valorem duty,840,United States of America,,,HS,Harmonized System,07,Edible vegetables and certain roots and tubers,A,Annual,A,Annual,PCT,Percent,2021,,,,30
TPA_MFN_HS,"MFN by detailed HS codes (2,4,6 digit)",HS_A_0020,HS MFN - Maximum  ad valorem duty,840,United States of America,,,HS,Harmonized System,07,Edible vegetables and certain roots and tubers,A,Annual,A,Annual,PCT,Percent,2022,,,,30
TPA_MFN_HS,"MFN by detailed HS codes (2,4,6 digit)",HS_A_0020,HS MFN - Maximum  ad valorem duty,840,United States of America,,,HS,Harmonized System,07,Edible vegetables and certain roots and tubers,A,Annual,A,Annual,PCT,Percent,2023,,,,30
TPA_MFN_HS,"MFN by detailed HS codes (2,4,6 digit)",HS_A_0020,HS MFN - Maximum  ad valorem duty,840,United States of America,,,HS,Harmonized System,15,Animal or vegetable fats and oils and their cleavage products; prepared edible fats; animal or vegetable waxes,A,Annual,A,Annual,PCT,Percent,2020,,,,19
TPA_MFN_HS,"MFN by detailed HS codes (2,4,6 digit)",HS_A_0020,HS MFN - Maximum  ad valorem duty,840,United States of America,,,HS,Harmonized System,15,Animal or vegetable fats and oils and their cleavage products; prepared edible fats; animal or vegetable waxes,A,Annual,A,Annual,PCT,Percent,2018,,,,19
TPA_MFN_HS,"MFN by detailed HS codes (2,4,6 digit)",HS_A_0020,HS MFN - Maximum  ad valorem duty,840,United States of America,,,HS,Harmonized System,15,Animal or vegetable fats and oils and their cleavage products; prepared edible fats; animal or vegetable waxes,A,Annual,A,Annual,PCT,Percent,2019,,,,19
TPA_MFN_HS,"MFN by detailed HS codes (2,4,6 digit)",HS_A_0020,HS MFN - Maximum  ad valorem duty,840,United States of America,,,HS,Harmonized System,15,Animal or vegetable fats and oils and their cleavage products; prepared edible fats; animal or vegetable waxes,A,Annual,A,Annual,PCT,Percent,2021,,,,19
TPA_MFN_HS,"MFN by detailed HS codes (2,4,6 digit)",HS_A_0020,HS MFN - Maximum  ad valorem duty,840,United States of America,,,HS,Harmonized System,11,Products of the milling industry; malt; starches; inulin; wheat gluten,A,Annual,A,Annual,PCT,Percent,2020,,,,13
TPA_MFN_HS,"MFN by detailed HS codes (2,4,6 digit)",HS_A_0020,HS MFN - Maximum  ad valorem duty,840,United States of America,,,HS,Harmonized System,15,Animal or vegetable fats and oils and their cleavage products; prepared edible fats; animal or vegetable waxes,A,Annual,A,Annual,PCT,Percent,2022,,,,19
TPA_MFN_HS,"MFN by detailed HS codes (2,4,6 digit)",HS_A_0020,HS MFN - Maximum  ad valorem duty,840,United States of America,,,HS,Harmonized System,15,Animal or vegetable fats and oils and their cleavage products; prepared edible fats; animal or vegetable waxes,A,Annual,A,Annual,PCT,Percent,2023,,,,19
TPA_MFN_HS,"MFN by detailed HS codes (2,4,6 digit)",HS_A_0020,HS MFN - Maximum  ad valorem duty,840,United States of America,,,HS,Harmonized System,11,Products of the milling industry; malt; starches; inulin; wheat gluten,A,Annual,A,Annual,PCT,Percent,2018,,,,13
TPA_MFN_HS,"MFN by detailed HS codes (2,4,6 digit)",HS_A_0020,HS MFN - Maximum  ad valorem duty,840,United States of America,,,HS,Harmonized System,11,Products of the milling industry; malt; starches; inulin; wheat gluten,A,Annual,A,Annual,PCT,Percent,2019,,,,13
TPA_MFN_HS,"MFN by detailed HS codes (2,4,6 digit)",HS_A_0020,HS MFN - Maximum  ad valorem duty,840,United States of America,,,HS,Harmonized System,11,Products of the milling industry; malt; starches; inulin; wheat gluten,A,Annual,A,Annual,PCT,Percent,2021,,,,13
TPA_MFN_HS,"MFN by detailed HS codes (2,4,6 digit)",HS_A_0020,HS MFN - Maximum  ad valorem duty,840,United States of America,,,HS,Harmonized System,12,"Oil seeds and oleaginous fruits; miscellaneous grains, seeds and fruit; industrial or medicinal plants; straw and fodder",A,Annual,A,Annual,PCT,Percent,2020,,,,164
TPA_MFN_HS,"MFN by detailed HS codes (2,4,6 digit)",HS_A_0020,HS MFN - Maximum  ad valorem duty,840,United States of America,,,HS,Harmonized System,11,Products of the milling industry; malt; starches; inulin; wheat gluten,A,Annual,A,Annual,PCT,Percent,2022,,,,13
TPA_MFN_HS,"MFN by detailed HS codes (2,4,6 digit)",HS_A_0020,HS MFN - Maximum  ad valorem duty,840,United States of America,,,HS,Harmonized System,11,Products of the milling industry; malt; starches; inulin; wheat gluten,A,Annual,A,Annual,PCT,Percent,2023,,,,13
TPA_MFN_HS,"MFN by detailed HS codes (2,4,6 digit)",HS_A_0020,HS MFN - Maximum  ad valorem duty,840,United States of America,,,HS,Harmonized System,12,"Oil seeds and oleaginous fruits; miscellaneous grains, seeds and fruit; industrial or medicinal plants; straw and fodder",A,Annual,A,Annual,PCT,Percent,2018,,,,164
TPA_MFN_HS,"MFN by detailed HS codes (2,4,6 digit)",HS_A_0020,HS MFN - Maximum  ad valorem duty,840,United States of America,,,HS,Harmonized System,12,"Oil seeds and oleaginous fruits; miscellaneous grains, seeds and fruit; industrial or medicinal plants; straw and fodder",A,Annual,A,Annual,PCT,Percent,2019,,,,164
TPA_MFN_HS,"MFN by detailed HS codes (2,4,6 digit)",HS_A_0020,HS MFN - Maximum  ad valorem duty,840,United States of America,,,HS,Harmonized System,12,"Oil seeds and oleaginous fruits; miscellaneous grains, seeds and fruit; industrial or medicinal plants; straw and fodder",A,Annual,A,Annual,PCT,Percent,2021,,,,164
TPA_MFN_HS,"MFN by detailed HS codes (2,4,6 digit)",HS_A_0020,HS MFN - Maximum  ad valorem duty,840,United States of America,,,HS,Harmonized System,12,"Oil seeds and oleaginous fruits; miscellaneous grains, seeds and fruit; industrial or medicinal plants; straw and fodder",A,Annual,A,Annual,PCT,Percent,2022,,,,164
TPA_MFN_HS,"MFN by detailed HS codes (2,4,6 digit)",HS_A_0020,HS MFN - Maximum  ad valorem duty,840,United States of America,,,HS,Harmonized System,12,"Oil seeds and oleaginous fruits; miscellaneous grains, seeds and fruit; industrial or medicinal plants; straw and fodder",A,Annual,A,Annual,PCT,Percent,2023,,,,164
TPA_MFN_HS,"MFN by detailed HS codes (2,4,6 digit)",HS_A_0020,HS MFN - Maximum  ad valorem duty,840,United States of America,,,HS,Harmonized System,14,Vegetable plaiting materials; vegetable products not elsewhere specified or included,A,Annual,A,Annual,PCT,Percent,2018,,,,4
TPA_MFN_HS,"MFN by detailed HS codes (2,4,6 digit)",HS_A_0020,HS MFN - Maximum  ad valorem duty,840,United States of America,,,HS,Harmonized System,14,Vegetable plaiting materials; vegetable products not elsewhere specified or included,A,Annual,A,Annual,PCT,Percent,2019,,,,4
TPA_MFN_HS,"MFN by detailed HS codes (2,4,6 digit)",HS_A_0020,HS MFN - Maximum  ad valorem duty,840,United States of America,,,HS,Harmonized System,14,Vegetable plaiting materials; vegetable products not elsewhere specified or included,A,Annual,A,Annual,PCT,Percent,2020,,,,4
TPA_MFN_HS,"MFN by detailed HS codes (2,4,6 digit)",HS_A_0020,HS MFN - Maximum  ad valorem duty,840,United States of America,,,HS,Harmonized System,14,Vegetable plaiting materials; vegetable products not elsewhere specified or included,A,Annual,A,Annual,PCT,Percent,2021,,,,4
TPA_MFN_HS,"MFN by detailed HS codes (2,4,6 digit)",HS_A_0020,HS MFN - Maximum  ad valorem duty,840,United States of America,,,HS,Harmonized System,14,Vegetable plaiting materials; vegetable products not elsewhere specified or included,A,Annual,A,Annual,PCT,Percent,2022,,,,4
TPA_MFN_HS,"MFN by detailed HS codes (2,4,6 digit)",HS_A_0020,HS MFN - Maximum  ad valorem duty,840,United States of America,,,HS,Harmonized System,14,Vegetable plaiting materials; vegetable products not elsewhere specified or included,A,Annual,A,Annual,PCT,Percent,2023,,,,4
TPA_MFN_HS,"MFN by detailed HS codes (2,4,6 digit)",HS_A_0020,HS MFN - Maximum  ad valorem duty,840,United States of America,,,HS,Harmonized System,13,"Lac; gums, resins and other vegetable saps and extracts",A,Annual,A,Annual,PCT,Percent,2018,,,,4
TPA_MFN_HS,"MFN by detailed HS codes (2,4,6 digit)",HS_A_0020,HS MFN - Maximum  ad valorem duty,840,United States of America,,,HS,Harmonized System,13,"Lac; gums, resins and other vegetable saps and extracts",A,Annual,A,Annual,PCT,Percent,2019,,,,4
TPA_MFN_HS,"MFN by detailed HS codes (2,4,6 digit)",HS_A_0020,HS MFN - Maximum  ad valorem duty,840,United States of America,,,HS,Harmonized System,13,"Lac; gums, resins and other vegetable saps and extracts",A,Annual,A,Annual,PCT,Percent,2020,,,,4
TPA_MFN_HS,"MFN by detailed HS codes (2,4,6 digit)",HS_A_0020,HS MFN - Maximum  ad valorem duty,840,United States of America,,,HS,Harmonized System,13,"Lac; gums, resins and other vegetable saps and extracts",A,Annual,A,Annual,PCT,Percent,2021,,,,4
TPA_MFN_HS,"MFN by detailed HS codes (2,4,6 digit)",HS_A_0020,HS MFN - Maximum  ad valorem duty,840,United States of America,,,HS,Harmonized System,13,"Lac; gums, resins and other vegetable saps and extracts",A,Annual,A,Annual,PCT,Percent,2022,,,,4
TPA_MFN_HS,"MFN by detailed HS codes (2,4,6 digit)",HS_A_0020,HS MFN - Maximum  ad valorem duty,840,United States of America,,,HS,Harmonized System,13,"Lac; gums, resins and other vegetable saps and extracts",A,Annual,A,Annual,PCT,Percent,2023,,,,4
TPA_MFN_HS,"MFN by detailed HS codes (2,4,6 digit)",HS_A_0020,HS MFN - Maximum  ad valorem duty,840,United States of America,,,HS,Harmonized System,20,"Preparations of vegetables, fruit, nuts or other parts of plants",A,Annual,A,Annual,PCT,Percent,2018,,,,132
TPA_MFN_HS,"MFN by detailed HS codes (2,4,6 digit)",HS_A_0020,HS MFN - Maximum  ad valorem duty,840,United States of America,,,HS,Harmonized System,20,"Preparations of vegetables, fruit, nuts or other parts of plants",A,Annual,A,Annual,PCT,Percent,2019,,,,132
TPA_MFN_HS,"MFN by detailed HS codes (2,4,6 digit)",HS_A_0020,HS MFN - Maximum  ad valorem duty,840,United States of America,,,HS,Harmonized System,20,"Preparations of vegetables, fruit, nuts or other parts of plants",A,Annual,A,Annual,PCT,Percent,2020,,,,132
TPA_MFN_HS,"MFN by detailed HS codes (2,4,6 digit)",HS_A_0020,HS MFN - Maximum  ad valorem duty,840,United States of America,,,HS,Harmonized System,20,"Preparations of vegetables, fruit, nuts or other parts of plants",A,Annual,A,Annual,PCT,Percent,2021,,,,132
TPA_MFN_HS,"MFN by detailed HS codes (2,4,6 digit)",HS_A_0020,HS MFN - Maximum  ad valorem duty,840,United States of America,,,HS,Harmonized System,17,Sugars and sugar confectionery,A,Annual,A,Annual,PCT,Percent,2020,,,,12
TPA_MFN_HS,"MFN by detailed HS codes (2,4,6 digit)",HS_A_0020,HS MFN - Maximum  ad valorem duty,840,United States of America,,,HS,Harmonized System,20,"Preparations of vegetables, fruit, nuts or other parts of plants",A,Annual,A,Annual,PCT,Percent,2022,,,,132
TPA_MFN_HS,"MFN by detailed HS codes (2,4,6 digit)",HS_A_0020,HS MFN - Maximum  ad valorem duty,840,United States of America,,,HS,Harmonized System,20,"Preparations of vegetables, fruit, nuts or other parts of plants",A,Annual,A,Annual,PCT,Percent,2023,,,,132
TPA_MFN_HS,"MFN by detailed HS codes (2,4,6 digit)",HS_A_0020,HS MFN - Maximum  ad valorem duty,840,United States of America,,,HS,Harmonized System,17,Sugars and sugar confectionery,A,Annual,A,Annual,PCT,Percent,2018,,,,12
TPA_MFN_HS,"MFN by detailed HS codes (2,4,6 digit)",HS_A_0020,HS MFN - Maximum  ad valorem duty,840,United States of America,,,HS,Harmonized System,17,Sugars and sugar confectionery,A,Annual,A,Annual,PCT,Percent,2019,,,,12
TPA_MFN_HS,"MFN by detailed HS codes (2,4,6 digit)",HS_A_0020,HS MFN - Maximum  ad valorem duty,840,United States of America,,,HS,Harmonized System,17,Sugars and sugar confectionery,A,Annual,A,Annual,PCT,Percent,2021,,,,12
TPA_MFN_HS,"MFN by detailed HS codes (2,4,6 digit)",HS_A_0020,HS MFN - Maximum  ad valorem duty,840,United States of America,,,HS,Harmonized System,17,Sugars and sugar confectionery,A,Annual,A,Annual,PCT,Percent,2023,,,,12
TPA_MFN_HS,"MFN by detailed HS codes (2,4,6 digit)",HS_A_0020,HS MFN - Maximum  ad valorem duty,840,United States of America,,,HS,Harmonized System,16,"Preparations of meat, of fish or of crustaceans, molluscs or other aquatic invertebrates",A,Annual,A,Annual,PCT,Percent,2020,,,,35
TPA_MFN_HS,"MFN by detailed HS codes (2,4,6 digit)",HS_A_0020,HS MFN - Maximum  ad valorem duty,840,United States of America,,,HS,Harmonized System,17,Sugars and sugar confectionery,A,Annual,A,Annual,PCT,Percent,2022,,,,12
TPA_MFN_HS,"MFN by detailed HS codes (2,4,6 digit)",HS_A_0020,HS MFN - Maximum  ad valorem duty,840,United States of America,,,HS,Harmonized System,16,"Preparations of meat, of fish or of crustaceans, molluscs or other aquatic invertebrates",A,Annual,A,Annual,PCT,Percent,2018,,,,35
TPA_MFN_HS,"MFN by detailed HS codes (2,4,6 digit)",HS_A_0020,HS MFN - Maximum  ad valorem duty,840,United States of America,,,HS,Harmonized System,16,"Preparations of meat, of fish or of crustaceans, molluscs or other aquatic invertebrates",A,Annual,A,Annual,PCT,Percent,2019,,,,35
TPA_MFN_HS,"MFN by detailed HS codes (2,4,6 digit)",HS_A_0020,HS MFN - Maximum  ad valorem duty,840,United States of America,,,HS,Harmonized System,16,"Preparations of meat, of fish or of crustaceans, molluscs or other aquatic invertebrates",A,Annual,A,Annual,PCT,Percent,2021,,,,35
TPA_MFN_HS,"MFN by detailed HS codes (2,4,6 digit)",HS_A_0020,HS MFN - Maximum  ad valorem duty,840,United States of America,,,HS,Harmonized System,16,"Preparations of meat, of fish or of crustaceans, molluscs or other aquatic invertebrates",A,Annual,A,Annual,PCT,Percent,2023,,,,35
TPA_MFN_HS,"MFN by detailed HS codes (2,4,6 digit)",HS_A_0020,HS MFN - Maximum  ad valorem duty,840,United States of America,,,HS,Harmonized System,18,Cocoa and cocoa preparations,A,Annual,A,Annual,PCT,Percent,2020,,,,10
TPA_MFN_HS,"MFN by detailed HS codes (2,4,6 digit)",HS_A_0020,HS MFN - Maximum  ad valorem duty,840,United States of America,,,HS,Harmonized System,16,"Preparations of meat, of fish or of crustaceans, molluscs or other aquatic invertebrates",A,Annual,A,Annual,PCT,Percent,2022,,,,35
TPA_MFN_HS,"MFN by detailed HS codes (2,4,6 digit)",HS_A_0020,HS MFN - Maximum  ad valorem duty,840,United States of America,,,HS,Harmonized System,18,Cocoa and cocoa preparations,A,Annual,A,Annual,PCT,Percent,2018,,,,10
TPA_MFN_HS,"MFN by detailed HS codes (2,4,6 digit)",HS_A_0020,HS MFN - Maximum  ad valorem duty,840,United States of America,,,HS,Harmonized System,18,Cocoa and cocoa preparations,A,Annual,A,Annual,PCT,Percent,2019,,,,10
TPA_MFN_HS,"MFN by detailed HS codes (2,4,6 digit)",HS_A_0020,HS MFN - Maximum  ad valorem duty,840,United States of America,,,HS,Harmonized System,18,Cocoa and cocoa preparations,A,Annual,A,Annual,PCT,Percent,2021,,,,10
TPA_MFN_HS,"MFN by detailed HS codes (2,4,6 digit)",HS_A_0020,HS MFN - Maximum  ad valorem duty,840,United States of America,,,HS,Harmonized System,18,Cocoa and cocoa preparations,A,Annual,A,Annual,PCT,Percent,2022,,,,10
TPA_MFN_HS,"MFN by detailed HS codes (2,4,6 digit)",HS_A_0020,HS MFN - Maximum  ad valorem duty,840,United States of America,,,HS,Harmonized System,18,Cocoa and cocoa preparations,A,Annual,A,Annual,PCT,Percent,2023,,,,10
TPA_MFN_HS,"MFN by detailed HS codes (2,4,6 digit)",HS_A_0020,HS MFN - Maximum  ad valorem duty,840,United States of America,,,HS,Harmonized System,19,"Preparations of cereals, flour, starch or milk; pastrycooks' products",A,Annual,A,Annual,PCT,Percent,2018,,,,18
TPA_MFN_HS,"MFN by detailed HS codes (2,4,6 digit)",HS_A_0020,HS MFN - Maximum  ad valorem duty,840,United States of America,,,HS,Harmonized System,19,"Preparations of cereals, flour, starch or milk; pastrycooks' products",A,Annual,A,Annual,PCT,Percent,2020,,,,18
TPA_MFN_HS,"MFN by detailed HS codes (2,4,6 digit)",HS_A_0020,HS MFN - Maximum  ad valorem duty,840,United States of America,,,HS,Harmonized System,19,"Preparations of cereals, flour, starch or milk; pastrycooks' products",A,Annual,A,Annual,PCT,Percent,2019,,,,18
TPA_MFN_HS,"MFN by detailed HS codes (2,4,6 digit)",HS_A_0020,HS MFN - Maximum  ad valorem duty,840,United States of America,,,HS,Harmonized System,19,"Preparations of cereals, flour, starch or milk; pastrycooks' products",A,Annual,A,Annual,PCT,Percent,2021,,,,18
TPA_MFN_HS,"MFN by detailed HS codes (2,4,6 digit)",HS_A_0020,HS MFN - Maximum  ad valorem duty,840,United States of America,,,HS,Harmonized System,19,"Preparations of cereals, flour, starch or milk; pastrycooks' products",A,Annual,A,Annual,PCT,Percent,2022,,,,18
TPA_MFN_HS,"MFN by detailed HS codes (2,4,6 digit)",HS_A_0020,HS MFN - Maximum  ad valorem duty,840,United States of America,,,HS,Harmonized System,19,"Preparations of cereals, flour, starch or milk; pastrycooks' products",A,Annual,A,Annual,PCT,Percent,2023,,,,18
TPA_MFN_HS,"MFN by detailed HS codes (2,4,6 digit)",HS_A_0020,HS MFN - Maximum  ad valorem duty,840,United States of America,,,HS,Harmonized System,22,"Beverages, spirits and vinegar",A,Annual,A,Annual,PCT,Percent,2018,,,,18
TPA_MFN_HS,"MFN by detailed HS codes (2,4,6 digit)",HS_A_0020,HS MFN - Maximum  ad valorem duty,840,United States of America,,,HS,Harmonized System,22,"Beverages, spirits and vinegar",A,Annual,A,Annual,PCT,Percent,2019,,,,18
TPA_MFN_HS,"MFN by detailed HS codes (2,4,6 digit)",HS_A_0020,HS MFN - Maximum  ad valorem duty,840,United States of America,,,HS,Harmonized System,22,"Beverages, spirits and vinegar",A,Annual,A,Annual,PCT,Percent,2020,,,,18
TPA_MFN_HS,"MFN by detailed HS codes (2,4,6 digit)",HS_A_0020,HS MFN - Maximum  ad valorem duty,840,United States of America,,,HS,Harmonized System,22,"Beverages, spirits and vinegar",A,Annual,A,Annual,PCT,Percent,2021,,,,18
TPA_MFN_HS,"MFN by detailed HS codes (2,4,6 digit)",HS_A_0020,HS MFN - Maximum  ad valorem duty,840,United States of America,,,HS,Harmonized System,23,Residues and waste from the food industries; prepared animal fodder,A,Annual,A,Annual,PCT,Percent,2021,,,,8
TPA_MFN_HS,"MFN by detailed HS codes (2,4,6 digit)",HS_A_0020,HS MFN - Maximum  ad valorem duty,840,United States of America,,,HS,Harmonized System,22,"Beverages, spirits and vinegar",A,Annual,A,Annual,PCT,Percent,2022,,,,18
TPA_MFN_HS,"MFN by detailed HS codes (2,4,6 digit)",HS_A_0020,HS MFN - Maximum  ad valorem duty,840,United States of America,,,HS,Harmonized System,22,"Beverages, spirits and vinegar",A,Annual,A,Annual,PCT,Percent,2023,,,,18
TPA_MFN_HS,"MFN by detailed HS codes (2,4,6 digit)",HS_A_0020,HS MFN - Maximum  ad valorem duty,840,United States of America,,,HS,Harmonized System,23,Residues and waste from the food industries; prepared animal fodder,A,Annual,A,Annual,PCT,Percent,2018,,,,8
TPA_MFN_HS,"MFN by detailed HS codes (2,4,6 digit)",HS_A_0020,HS MFN - Maximum  ad valorem duty,840,United States of America,,,HS,Harmonized System,23,Residues and waste from the food industries; prepared animal fodder,A,Annual,A,Annual,PCT,Percent,2019,,,,8
TPA_MFN_HS,"MFN by detailed HS codes (2,4,6 digit)",HS_A_0020,HS MFN - Maximum  ad valorem duty,840,United States of America,,,HS,Harmonized System,23,Residues and waste from the food industries; prepared animal fodder,A,Annual,A,Annual,PCT,Percent,2020,,,,8
TPA_MFN_HS,"MFN by detailed HS codes (2,4,6 digit)",HS_A_0020,HS MFN - Maximum  ad valorem duty,840,United States of America,,,HS,Harmonized System,24,Tobacco and manufactured tobacco substitutes,A,Annual,A,Annual,PCT,Percent,2021,,,,350
TPA_MFN_HS,"MFN by detailed HS codes (2,4,6 digit)",HS_A_0020,HS MFN - Maximum  ad valorem duty,840,United States of America,,,HS,Harmonized System,23,Residues and waste from the food industries; prepared animal fodder,A,Annual,A,Annual,PCT,Percent,2022,,,,8
TPA_MFN_HS,"MFN by detailed HS codes (2,4,6 digit)",HS_A_0020,HS MFN - Maximum  ad valorem duty,840,United States of America,,,HS,Harmonized System,23,Residues and waste from the food industries; prepared animal fodder,A,Annual,A,Annual,PCT,Percent,2023,,,,8
TPA_MFN_HS,"MFN by detailed HS codes (2,4,6 digit)",HS_A_0020,HS MFN - Maximum  ad valorem duty,840,United States of America,,,HS,Harmonized System,24,Tobacco and manufactured tobacco substitutes,A,Annual,A,Annual,PCT,Percent,2018,,,,350
TPA_MFN_HS,"MFN by detailed HS codes (2,4,6 digit)",HS_A_0020,HS MFN - Maximum  ad valorem duty,840,United States of America,,,HS,Harmonized System,24,Tobacco and manufactured tobacco substitutes,A,Annual,A,Annual,PCT,Percent,2019,,,,350
TPA_MFN_HS,"MFN by detailed HS codes (2,4,6 digit)",HS_A_0020,HS MFN - Maximum  ad valorem duty,840,United States of America,,,HS,Harmonized System,24,Tobacco and manufactured tobacco substitutes,A,Annual,A,Annual,PCT,Percent,2020,,,,350
TPA_MFN_HS,"MFN by detailed HS codes (2,4,6 digit)",HS_A_0020,HS MFN - Maximum  ad valorem duty,840,United States of America,,,HS,Harmonized System,24,Tobacco and manufactured tobacco substitutes,A,Annual,A,Annual,PCT,Percent,2023,,,,350
TPA_MFN_HS,"MFN by detailed HS codes (2,4,6 digit)",HS_A_0020,HS MFN - Maximum  ad valorem duty,840,United States of America,,,HS,Harmonized System,25,"Salt; sulphur; earths and stone; plastering materials, lime and cement",A,Annual,A,Annual,PCT,Percent,2020,,,,3
TPA_MFN_HS,"MFN by detailed HS codes (2,4,6 digit)",HS_A_0020,HS MFN - Maximum  ad valorem duty,840,United States of America,,,HS,Harmonized System,25,"Salt; sulphur; earths and stone; plastering materials, lime and cement",A,Annual,A,Annual,PCT,Percent,2021,,,,3
TPA_MFN_HS,"MFN by detailed HS codes (2,4,6 digit)",HS_A_0020,HS MFN - Maximum  ad valorem duty,840,United States of America,,,HS,Harmonized System,24,Tobacco and manufactured tobacco substitutes,A,Annual,A,Annual,PCT,Percent,2022,,,,350
TPA_MFN_HS,"MFN by detailed HS codes (2,4,6 digit)",HS_A_0020,HS MFN - Maximum  ad valorem duty,840,United States of America,,,HS,Harmonized System,25,"Salt; sulphur; earths and stone; plastering materials, lime and cement",A,Annual,A,Annual,PCT,Percent,2018,,,,3
TPA_MFN_HS,"MFN by detailed HS codes (2,4,6 digit)",HS_A_0020,HS MFN - Maximum  ad valorem duty,840,United States of America,,,HS,Harmonized System,25,"Salt; sulphur; earths and stone; plastering materials, lime and cement",A,Annual,A,Annual,PCT,Percent,2019,,,,3
TPA_MFN_HS,"MFN by detailed HS codes (2,4,6 digit)",HS_A_0020,HS MFN - Maximum  ad valorem duty,840,United States of America,,,HS,Harmonized System,25,"Salt; sulphur; earths and stone; plastering materials, lime and cement",A,Annual,A,Annual,PCT,Percent,2023,,,,3
TPA_MFN_HS,"MFN by detailed HS codes (2,4,6 digit)",HS_A_0020,HS MFN - Maximum  ad valorem duty,840,United States of America,,,HS,Harmonized System,21,Miscellaneous edible preparations,A,Annual,A,Annual,PCT,Percent,2020,,,,20
TPA_MFN_HS,"MFN by detailed HS codes (2,4,6 digit)",HS_A_0020,HS MFN - Maximum  ad valorem duty,840,United States of America,,,HS,Harmonized System,25,"Salt; sulphur; earths and stone; plastering materials, lime and cement",A,Annual,A,Annual,PCT,Percent,2022,,,,3
TPA_MFN_HS,"MFN by detailed HS codes (2,4,6 digit)",HS_A_0020,HS MFN - Maximum  ad valorem duty,840,United States of America,,,HS,Harmonized System,21,Miscellaneous edible preparations,A,Annual,A,Annual,PCT,Percent,2018,,,,20
TPA_MFN_HS,"MFN by detailed HS codes (2,4,6 digit)",HS_A_0020,HS MFN - Maximum  ad valorem duty,840,United States of America,,,HS,Harmonized System,21,Miscellaneous edible preparations,A,Annual,A,Annual,PCT,Percent,2019,,,,20
TPA_MFN_HS,"MFN by detailed HS codes (2,4,6 digit)",HS_A_0020,HS MFN - Maximum  ad valorem duty,840,United States of America,,,HS,Harmonized System,21,Miscellaneous edible preparations,A,Annual,A,Annual,PCT,Percent,2021,,,,20
TPA_MFN_HS,"MFN by detailed HS codes (2,4,6 digit)",HS_A_0020,HS MFN - Maximum  ad valorem duty,840,United States of America,,,HS,Harmonized System,21,Miscellaneous edible preparations,A,Annual,A,Annual,PCT,Percent,2022,,,,20
TPA_MFN_HS,"MFN by detailed HS codes (2,4,6 digit)",HS_A_0020,HS MFN - Maximum  ad valorem duty,840,United States of America,,,HS,Harmonized System,21,Miscellaneous edible preparations,A,Annual,A,Annual,PCT,Percent,2023,,,,20
TPA_MFN_HS,"MFN by detailed HS codes (2,4,6 digit)",HS_A_0020,HS MFN - Maximum  ad valorem duty,840,United States of America,,,HS,Harmonized System,27,"Mineral fuels, mineral oils and products of their distillation; bituminous substances; mineral waxes",A,Annual,A,Annual,PCT,Percent,2020,,,,7
TPA_MFN_HS,"MFN by detailed HS codes (2,4,6 digit)",HS_A_0020,HS MFN - Maximum  ad valorem duty,840,United States of America,,,HS,Harmonized System,27,"Mineral fuels, mineral oils and products of their distillation; bituminous substances; mineral waxes",A,Annual,A,Annual,PCT,Percent,2021,,,,7
TPA_MFN_HS,"MFN by detailed HS codes (2,4,6 digit)",HS_A_0020,HS MFN - Maximum  ad valorem duty,840,United States of America,,,HS,Harmonized System,27,"Mineral fuels, mineral oils and products of their distillation; bituminous substances; mineral waxes",A,Annual,A,Annual,PCT,Percent,2018,,,,7
TPA_MFN_HS,"MFN by detailed HS codes (2,4,6 digit)",HS_A_0020,HS MFN - Maximum  ad valorem duty,840,United States of America,,,HS,Harmonized System,27,"Mineral fuels, mineral oils and products of their distillation; bituminous substances; mineral waxes",A,Annual,A,Annual,PCT,Percent,2019,,,,7
TPA_MFN_HS,"MFN by detailed HS codes (2,4,6 digit)",HS_A_0020,HS MFN - Maximum  ad valorem duty,840,United States of America,,,HS,Harmonized System,27,"Mineral fuels, mineral oils and products of their distillation; bituminous substances; mineral waxes",A,Annual,A,Annual,PCT,Percent,2023,,,,7
TPA_MFN_HS,"MFN by detailed HS codes (2,4,6 digit)",HS_A_0020,HS MFN - Maximum  ad valorem duty,840,United States of America,,,HS,Harmonized System,28,"Inorganic chemicals; organic or inorganic compounds of precious metals, of rareearth metals, of radioactive elements or of isotopes",A,Annual,A,Annual,PCT,Percent,2020,,,,6
TPA_MFN_HS,"MFN by detailed HS codes (2,4,6 digit)",HS_A_0020,HS MFN - Maximum  ad valorem duty,840,United States of America,,,HS,Harmonized System,28,"Inorganic chemicals; organic or inorganic compounds of precious metals, of rareearth metals, of radioactive elements or of isotopes",A,Annual,A,Annual,PCT,Percent,2021,,,,6
TPA_MFN_HS,"MFN by detailed HS codes (2,4,6 digit)",HS_A_0020,HS MFN - Maximum  ad valorem duty,840,United States of America,,,HS,Harmonized System,27,"Mineral fuels, mineral oils and products of their distillation; bituminous substances; mineral waxes",A,Annual,A,Annual,PCT,Percent,2022,,,,7
TPA_MFN_HS,"MFN by detailed HS codes (2,4,6 digit)",HS_A_0020,HS MFN - Maximum  ad valorem duty,840,United States of America,,,HS,Harmonized System,28,"Inorganic chemicals; organic or inorganic compounds of precious metals, of rareearth metals, of radioactive elements or of isotopes",A,Annual,A,Annual,PCT,Percent,2022,,,,6
TPA_MFN_HS,"MFN by detailed HS codes (2,4,6 digit)",HS_A_0020,HS MFN - Maximum  ad valorem duty,840,United States of America,,,HS,Harmonized System,28,"Inorganic chemicals; organic or inorganic compounds of precious metals, of rareearth metals, of radioactive elements or of isotopes",A,Annual,A,Annual,PCT,Percent,2023,,,,6
TPA_MFN_HS,"MFN by detailed HS codes (2,4,6 digit)",HS_A_0020,HS MFN - Maximum  ad valorem duty,840,United States of America,,,HS,Harmonized System,28,"Inorganic chemicals; organic or inorganic compounds of precious metals, of rareearth metals, of radioactive elements or of isotopes",A,Annual,A,Annual,PCT,Percent,2018,,,,6
TPA_MFN_HS,"MFN by detailed HS codes (2,4,6 digit)",HS_A_0020,HS MFN - Maximum  ad valorem duty,840,United States of America,,,HS,Harmonized System,28,"Inorganic chemicals; organic or inorganic compounds of precious metals, of rareearth metals, of radioactive elements or of isotopes",A,Annual,A,Annual,PCT,Percent,2019,,,,6
TPA_MFN_HS,"MFN by detailed HS codes (2,4,6 digit)",HS_A_0020,HS MFN - Maximum  ad valorem duty,840,United States of America,,,HS,Harmonized System,29,Organic chemicals,A,Annual,A,Annual,PCT,Percent,2020,,,,7
TPA_MFN_HS,"MFN by detailed HS codes (2,4,6 digit)",HS_A_0020,HS MFN - Maximum  ad valorem duty,840,United States of America,,,HS,Harmonized System,29,Organic chemicals,A,Annual,A,Annual,PCT,Percent,2021,,,,7
TPA_MFN_HS,"MFN by detailed HS codes (2,4,6 digit)",HS_A_0020,HS MFN - Maximum  ad valorem duty,840,United States of America,,,HS,Harmonized System,29,Organic chemicals,A,Annual,A,Annual,PCT,Percent,2022,,,,7
TPA_MFN_HS,"MFN by detailed HS codes (2,4,6 digit)",HS_A_0020,HS MFN - Maximum  ad valorem duty,840,United States of America,,,HS,Harmonized System,29,Organic chemicals,A,Annual,A,Annual,PCT,Percent,2023,,,,7
TPA_MFN_HS,"MFN by detailed HS codes (2,4,6 digit)",HS_A_0020,HS MFN - Maximum  ad valorem duty,840,United States of America,,,HS,Harmonized System,29,Organic chemicals,A,Annual,A,Annual,PCT,Percent,2018,,,,7
TPA_MFN_HS,"MFN by detailed HS codes (2,4,6 digit)",HS_A_0020,HS MFN - Maximum  ad valorem duty,840,United States of America,,,HS,Harmonized System,29,Organic chemicals,A,Annual,A,Annual,PCT,Percent,2019,,,,7
TPA_MFN_HS,"MFN by detailed HS codes (2,4,6 digit)",HS_A_0020,HS MFN - Maximum  ad valorem duty,840,United States of America,,,HS,Harmonized System,30,Pharmaceutical products,A,Annual,A,Annual,PCT,Percent,2020,,,,5
TPA_MFN_HS,"MFN by detailed HS codes (2,4,6 digit)",HS_A_0020,HS MFN - Maximum  ad valorem duty,840,United States of America,,,HS,Harmonized System,30,Pharmaceutical products,A,Annual,A,Annual,PCT,Percent,2021,,,,5
TPA_MFN_HS,"MFN by detailed HS codes (2,4,6 digit)",HS_A_0020,HS MFN - Maximum  ad valorem duty,840,United States of America,,,HS,Harmonized System,30,Pharmaceutical products,A,Annual,A,Annual,PCT,Percent,2022,,,,6
TPA_MFN_HS,"MFN by detailed HS codes (2,4,6 digit)",HS_A_0020,HS MFN - Maximum  ad valorem duty,840,United States of America,,,HS,Harmonized System,30,Pharmaceutical products,A,Annual,A,Annual,PCT,Percent,2023,,,,6
TPA_MFN_HS,"MFN by detailed HS codes (2,4,6 digit)",HS_A_0020,HS MFN - Maximum  ad valorem duty,840,United States of America,,,HS,Harmonized System,30,Pharmaceutical products,A,Annual,A,Annual,PCT,Percent,2018,,,,5
TPA_MFN_HS,"MFN by detailed HS codes (2,4,6 digit)",HS_A_0020,HS MFN - Maximum  ad valorem duty,840,United States of America,,,HS,Harmonized System,30,Pharmaceutical products,A,Annual,A,Annual,PCT,Percent,2019,,,,5
TPA_MFN_HS,"MFN by detailed HS codes (2,4,6 digit)",HS_A_0020,HS MFN - Maximum  ad valorem duty,840,United States of America,,,HS,Harmonized System,26,"Ores, slag and ash",A,Annual,A,Annual,PCT,Percent,2021,,,,5
TPA_MFN_HS,"MFN by detailed HS codes (2,4,6 digit)",HS_A_0020,HS MFN - Maximum  ad valorem duty,840,United States of America,,,HS,Harmonized System,26,"Ores, slag and ash",A,Annual,A,Annual,PCT,Percent,2022,,,,5
TPA_MFN_HS,"MFN by detailed HS codes (2,4,6 digit)",HS_A_0020,HS MFN - Maximum  ad valorem duty,840,United States of America,,,HS,Harmonized System,26,"Ores, slag and ash",A,Annual,A,Annual,PCT,Percent,2018,,,,5
TPA_MFN_HS,"MFN by detailed HS codes (2,4,6 digit)",HS_A_0020,HS MFN - Maximum  ad valorem duty,840,United States of America,,,HS,Harmonized System,26,"Ores, slag and ash",A,Annual,A,Annual,PCT,Percent,2019,,,,5
TPA_MFN_HS,"MFN by detailed HS codes (2,4,6 digit)",HS_A_0020,HS MFN - Maximum  ad valorem duty,840,United States of America,,,HS,Harmonized System,26,"Ores, slag and ash",A,Annual,A,Annual,PCT,Percent,2020,,,,5
TPA_MFN_HS,"MFN by detailed HS codes (2,4,6 digit)",HS_A_0020,HS MFN - Maximum  ad valorem duty,840,United States of America,,,HS,Harmonized System,32,"Tanning or dyeing extracts; tannins and their derivatives; dyes, pigments and other colouring matter; paints and varnishes; putty and other mastics; inks",A,Annual,A,Annual,PCT,Percent,2021,,,,7
TPA_MFN_HS,"MFN by detailed HS codes (2,4,6 digit)",HS_A_0020,HS MFN - Maximum  ad valorem duty,840,United States of America,,,HS,Harmonized System,32,"Tanning or dyeing extracts; tannins and their derivatives; dyes, pigments and other colouring matter; paints and varnishes; putty and other mastics; inks",A,Annual,A,Annual,PCT,Percent,2022,,,,7
TPA_MFN_HS,"MFN by detailed HS codes (2,4,6 digit)",HS_A_0020,HS MFN - Maximum  ad valorem duty,840,United States of America,,,HS,Harmonized System,26,"Ores, slag and ash",A,Annual,A,Annual,PCT,Percent,2023,,,,5
TPA_MFN_HS,"MFN by detailed HS codes (2,4,6 digit)",HS_A_0020,HS MFN - Maximum  ad valorem duty,840,United States of America,,,HS,Harmonized System,32,"Tanning or dyeing extracts; tannins and their derivatives; dyes, pigments and other colouring matter; paints and varnishes; putty and other mastics; inks",A,Annual,A,Annual,PCT,Percent,2020,,,,7
TPA_MFN_HS,"MFN by detailed HS codes (2,4,6 digit)",HS_A_0020,HS MFN - Maximum  ad valorem duty,840,United States of America,,,HS,Harmonized System,32,"Tanning or dyeing extracts; tannins and their derivatives; dyes, pigments and other colouring matter; paints and varnishes; putty and other mastics; inks",A,Annual,A,Annual,PCT,Percent,2023,,,,7
TPA_MFN_HS,"MFN by detailed HS codes (2,4,6 digit)",HS_A_0020,HS MFN - Maximum  ad valorem duty,840,United States of America,,,HS,Harmonized System,32,"Tanning or dyeing extracts; tannins and their derivatives; dyes, pigments and other colouring matter; paints and varnishes; putty and other mastics; inks",A,Annual,A,Annual,PCT,Percent,2018,,,,7
TPA_MFN_HS,"MFN by detailed HS codes (2,4,6 digit)",HS_A_0020,HS MFN - Maximum  ad valorem duty,840,United States of America,,,HS,Harmonized System,32,"Tanning or dyeing extracts; tannins and their derivatives; dyes, pigments and other colouring matter; paints and varnishes; putty and other mastics; inks",A,Annual,A,Annual,PCT,Percent,2019,,,,7
TPA_MFN_HS,"MFN by detailed HS codes (2,4,6 digit)",HS_A_0020,HS MFN - Maximum  ad valorem duty,840,United States of America,,,HS,Harmonized System,31,Fertilisers,A,Annual,A,Annual,PCT,Percent,2019,,,,0
TPA_MFN_HS,"MFN by detailed HS codes (2,4,6 digit)",HS_A_0020,HS MFN - Maximum  ad valorem duty,840,United States of America,,,HS,Harmonized System,31,Fertilisers,A,Annual,A,Annual,PCT,Percent,2020,,,,0
TPA_MFN_HS,"MFN by detailed HS codes (2,4,6 digit)",HS_A_0020,HS MFN - Maximum  ad valorem duty,840,United States of America,,,HS,Harmonized System,31,Fertilisers,A,Annual,A,Annual,PCT,Percent,2021,,,,0
TPA_MFN_HS,"MFN by detailed HS codes (2,4,6 digit)",HS_A_0020,HS MFN - Maximum  ad valorem duty,840,United States of America,,,HS,Harmonized System,31,Fertilisers,A,Annual,A,Annual,PCT,Percent,2022,,,,0
TPA_MFN_HS,"MFN by detailed HS codes (2,4,6 digit)",HS_A_0020,HS MFN - Maximum  ad valorem duty,840,United States of America,,,HS,Harmonized System,31,Fertilisers,A,Annual,A,Annual,PCT,Percent,2023,,,,0
TPA_MFN_HS,"MFN by detailed HS codes (2,4,6 digit)",HS_A_0020,HS MFN - Maximum  ad valorem duty,840,United States of America,,,HS,Harmonized System,31,Fertilisers,A,Annual,A,Annual,PCT,Percent,2018,,,,0
TPA_MFN_HS,"MFN by detailed HS codes (2,4,6 digit)",HS_A_0020,HS MFN - Maximum  ad valorem duty,840,United States of America,,,HS,Harmonized System,37,Photographic or cinematographic goods,A,Annual,A,Annual,PCT,Percent,2022,,,,4
TPA_MFN_HS,"MFN by detailed HS codes (2,4,6 digit)",HS_A_0020,HS MFN - Maximum  ad valorem duty,840,United States of America,,,HS,Harmonized System,37,Photographic or cinematographic goods,A,Annual,A,Annual,PCT,Percent,2019,,,,4
TPA_MFN_HS,"MFN by detailed HS codes (2,4,6 digit)",HS_A_0020,HS MFN - Maximum  ad valorem duty,840,United States of America,,,HS,Harmonized System,37,Photographic or cinematographic goods,A,Annual,A,Annual,PCT,Percent,2020,,,,4
TPA_MFN_HS,"MFN by detailed HS codes (2,4,6 digit)",HS_A_0020,HS MFN - Maximum  ad valorem duty,840,United States of America,,,HS,Harmonized System,37,Photographic or cinematographic goods,A,Annual,A,Annual,PCT,Percent,2021,,,,4
TPA_MFN_HS,"MFN by detailed HS codes (2,4,6 digit)",HS_A_0020,HS MFN - Maximum  ad valorem duty,840,United States of America,,,HS,Harmonized System,37,Photographic or cinematographic goods,A,Annual,A,Annual,PCT,Percent,2023,,,,4
TPA_MFN_HS,"MFN by detailed HS codes (2,4,6 digit)",HS_A_0020,HS MFN - Maximum  ad valorem duty,840,United States of America,,,HS,Harmonized System,37,Photographic or cinematographic goods,A,Annual,A,Annual,PCT,Percent,2018,,,,4
TPA_MFN_HS,"MFN by detailed HS codes (2,4,6 digit)",HS_A_0020,HS MFN - Maximum  ad valorem duty,840,United States of America,,,HS,Harmonized System,33,"Essential oils and resinoids; perfumery, cosmetic or toilet preparations",A,Annual,A,Annual,PCT,Percent,2021,,,,6
TPA_MFN_HS,"MFN by detailed HS codes (2,4,6 digit)",HS_A_0020,HS MFN - Maximum  ad valorem duty,840,United States of America,,,HS,Harmonized System,33,"Essential oils and resinoids; perfumery, cosmetic or toilet preparations",A,Annual,A,Annual,PCT,Percent,2022,,,,6
TPA_MFN_HS,"MFN by detailed HS codes (2,4,6 digit)",HS_A_0020,HS MFN - Maximum  ad valorem duty,840,United States of America,,,HS,Harmonized System,33,"Essential oils and resinoids; perfumery, cosmetic or toilet preparations",A,Annual,A,Annual,PCT,Percent,2023,,,,6
TPA_MFN_HS,"MFN by detailed HS codes (2,4,6 digit)",HS_A_0020,HS MFN - Maximum  ad valorem duty,840,United States of America,,,HS,Harmonized System,33,"Essential oils and resinoids; perfumery, cosmetic or toilet preparations",A,Annual,A,Annual,PCT,Percent,2018,,,,6
TPA_MFN_HS,"MFN by detailed HS codes (2,4,6 digit)",HS_A_0020,HS MFN - Maximum  ad valorem duty,840,United States of America,,,HS,Harmonized System,33,"Essential oils and resinoids; perfumery, cosmetic or toilet preparations",A,Annual,A,Annual,PCT,Percent,2019,,,,6
TPA_MFN_HS,"MFN by detailed HS codes (2,4,6 digit)",HS_A_0020,HS MFN - Maximum  ad valorem duty,840,United States of America,,,HS,Harmonized System,33,"Essential oils and resinoids; perfumery, cosmetic or toilet preparations",A,Annual,A,Annual,PCT,Percent,2020,,,,6
TPA_MFN_HS,"MFN by detailed HS codes (2,4,6 digit)",HS_A_0020,HS MFN - Maximum  ad valorem duty,840,United States of America,,,HS,Harmonized System,34,"Soap, organic surfaceactive agents, washing preparations, lubricating preparations, artificial waxes, prepared waxes, polishing or scouring preparations, candles and similar articles, modelling pastes",A,Annual,A,Annual,PCT,Percent,2022,,,,7
TPA_MFN_HS,"MFN by detailed HS codes (2,4,6 digit)",HS_A_0020,HS MFN - Maximum  ad valorem duty,840,United States of America,,,HS,Harmonized System,34,"Soap, organic surfaceactive agents, washing preparations, lubricating preparations, artificial waxes, prepared waxes, polishing or scouring preparations, candles and similar articles, modelling pastes",A,Annual,A,Annual,PCT,Percent,2023,,,,7
TPA_MFN_HS,"MFN by detailed HS codes (2,4,6 digit)",HS_A_0020,HS MFN - Maximum  ad valorem duty,840,United States of America,,,HS,Harmonized System,34,"Soap, organic surfaceactive agents, washing preparations, lubricating preparations, artificial waxes, prepared waxes, polishing or scouring preparations, candles and similar articles, modelling pastes",A,Annual,A,Annual,PCT,Percent,2020,,,,7
TPA_MFN_HS,"MFN by detailed HS codes (2,4,6 digit)",HS_A_0020,HS MFN - Maximum  ad valorem duty,840,United States of America,,,HS,Harmonized System,34,"Soap, organic surfaceactive agents, washing preparations, lubricating preparations, artificial waxes, prepared waxes, polishing or scouring preparations, candles and similar articles, modelling pastes",A,Annual,A,Annual,PCT,Percent,2021,,,,7
TPA_MFN_HS,"MFN by detailed HS codes (2,4,6 digit)",HS_A_0020,HS MFN - Maximum  ad valorem duty,840,United States of America,,,HS,Harmonized System,34,"Soap, organic surfaceactive agents, washing preparations, lubricating preparations, artificial waxes, prepared waxes, polishing or scouring preparations, candles and similar articles, modelling pastes",A,Annual,A,Annual,PCT,Percent,2018,,,,7
TPA_MFN_HS,"MFN by detailed HS codes (2,4,6 digit)",HS_A_0020,HS MFN - Maximum  ad valorem duty,840,United States of America,,,HS,Harmonized System,34,"Soap, organic surfaceactive agents, washing preparations, lubricating preparations, artificial waxes, prepared waxes, polishing or scouring preparations, candles and similar articles, modelling pastes",A,Annual,A,Annual,PCT,Percent,2019,,,,7
TPA_MFN_HS,"MFN by detailed HS codes (2,4,6 digit)",HS_A_0020,HS MFN - Maximum  ad valorem duty,840,United States of America,,,HS,Harmonized System,35,Albuminoidal substances; modified starches; glues; enzymes,A,Annual,A,Annual,PCT,Percent,2020,,,,7
TPA_MFN_HS,"MFN by detailed HS codes (2,4,6 digit)",HS_A_0020,HS MFN - Maximum  ad valorem duty,840,United States of America,,,HS,Harmonized System,35,Albuminoidal substances; modified starches; glues; enzymes,A,Annual,A,Annual,PCT,Percent,2021,,,,7
TPA_MFN_HS,"MFN by detailed HS codes (2,4,6 digit)",HS_A_0020,HS MFN - Maximum  ad valorem duty,840,United States of America,,,HS,Harmonized System,35,Albuminoidal substances; modified starches; glues; enzymes,A,Annual,A,Annual,PCT,Percent,2022,,,,7
TPA_MFN_HS,"MFN by detailed HS codes (2,4,6 digit)",HS_A_0020,HS MFN - Maximum  ad valorem duty,840,United States of America,,,HS,Harmonized System,35,Albuminoidal substances; modified starches; glues; enzymes,A,Annual,A,Annual,PCT,Percent,2023,,,,7
TPA_MFN_HS,"MFN by detailed HS codes (2,4,6 digit)",HS_A_0020,HS MFN - Maximum  ad valorem duty,840,United States of America,,,HS,Harmonized System,35,Albuminoidal substances; modified starches; glues; enzymes,A,Annual,A,Annual,PCT,Percent,2018,,,,7
TPA_MFN_HS,"MFN by detailed HS codes (2,4,6 digit)",HS_A_0020,HS MFN - Maximum  ad valorem duty,840,United States of America,,,HS,Harmonized System,35,Albuminoidal substances; modified starches; glues; enzymes,A,Annual,A,Annual,PCT,Percent,2019,,,,7
TPA_MFN_HS,"MFN by detailed HS codes (2,4,6 digit)",HS_A_0020,HS MFN - Maximum  ad valorem duty,840,United States of America,,,HS,Harmonized System,36,Explosives; pyrotechnic products; matches; pyrophoric alloys; certain combustible preparations,A,Annual,A,Annual,PCT,Percent,2020,,,,7
TPA_MFN_HS,"MFN by detailed HS codes (2,4,6 digit)",HS_A_0020,HS MFN - Maximum  ad valorem duty,840,United States of America,,,HS,Harmonized System,36,Explosives; pyrotechnic products; matches; pyrophoric alloys; certain combustible preparations,A,Annual,A,Annual,PCT,Percent,2021,,,,7
TPA_MFN_HS,"MFN by detailed HS codes (2,4,6 digit)",HS_A_0020,HS MFN - Maximum  ad valorem duty,840,United States of America,,,HS,Harmonized System,36,Explosives; pyrotechnic products; matches; pyrophoric alloys; certain combustible preparations,A,Annual,A,Annual,PCT,Percent,2022,,,,7
TPA_MFN_HS,"MFN by detailed HS codes (2,4,6 digit)",HS_A_0020,HS MFN - Maximum  ad valorem duty,840,United States of America,,,HS,Harmonized System,36,Explosives; pyrotechnic products; matches; pyrophoric alloys; certain combustible preparations,A,Annual,A,Annual,PCT,Percent,2023,,,,7
TPA_MFN_HS,"MFN by detailed HS codes (2,4,6 digit)",HS_A_0020,HS MFN - Maximum  ad valorem duty,840,United States of America,,,HS,Harmonized System,36,Explosives; pyrotechnic products; matches; pyrophoric alloys; certain combustible preparations,A,Annual,A,Annual,PCT,Percent,2018,,,,7
TPA_MFN_HS,"MFN by detailed HS codes (2,4,6 digit)",HS_A_0020,HS MFN - Maximum  ad valorem duty,840,United States of America,,,HS,Harmonized System,36,Explosives; pyrotechnic products; matches; pyrophoric alloys; certain combustible preparations,A,Annual,A,Annual,PCT,Percent,2019,,,,7
TPA_MFN_HS,"MFN by detailed HS codes (2,4,6 digit)",HS_A_0020,HS MFN - Maximum  ad valorem duty,840,United States of America,,,HS,Harmonized System,39,Plastics and articles thereof,A,Annual,A,Annual,PCT,Percent,2020,,,,7
TPA_MFN_HS,"MFN by detailed HS codes (2,4,6 digit)",HS_A_0020,HS MFN - Maximum  ad valorem duty,840,United States of America,,,HS,Harmonized System,39,Plastics and articles thereof,A,Annual,A,Annual,PCT,Percent,2021,,,,7
TPA_MFN_HS,"MFN by detailed HS codes (2,4,6 digit)",HS_A_0020,HS MFN - Maximum  ad valorem duty,840,United States of America,,,HS,Harmonized System,39,Plastics and articles thereof,A,Annual,A,Annual,PCT,Percent,2022,,,,7
TPA_MFN_HS,"MFN by detailed HS codes (2,4,6 digit)",HS_A_0020,HS MFN - Maximum  ad valorem duty,840,United States of America,,,HS,Harmonized System,39,Plastics and articles thereof,A,Annual,A,Annual,PCT,Percent,2023,,,,7
TPA_MFN_HS,"MFN by detailed HS codes (2,4,6 digit)",HS_A_0020,HS MFN - Maximum  ad valorem duty,840,United States of America,,,HS,Harmonized System,39,Plastics and articles thereof,A,Annual,A,Annual,PCT,Percent,2018,,,,7
TPA_MFN_HS,"MFN by detailed HS codes (2,4,6 digit)",HS_A_0020,HS MFN - Maximum  ad valorem duty,840,United States of America,,,HS,Harmonized System,39,Plastics and articles thereof,A,Annual,A,Annual,PCT,Percent,2019,,,,7
TPA_MFN_HS,"MFN by detailed HS codes (2,4,6 digit)",HS_A_0020,HS MFN - Maximum  ad valorem duty,840,United States of America,,,HS,Harmonized System,40,Rubber and articles thereof,A,Annual,A,Annual,PCT,Percent,2019,,,,14
TPA_MFN_HS,"MFN by detailed HS codes (2,4,6 digit)",HS_A_0020,HS MFN - Maximum  ad valorem duty,840,United States of America,,,HS,Harmonized System,40,Rubber and articles thereof,A,Annual,A,Annual,PCT,Percent,2020,,,,14
TPA_MFN_HS,"MFN by detailed HS codes (2,4,6 digit)",HS_A_0020,HS MFN - Maximum  ad valorem duty,840,United States of America,,,HS,Harmonized System,40,Rubber and articles thereof,A,Annual,A,Annual,PCT,Percent,2021,,,,14
TPA_MFN_HS,"MFN by detailed HS codes (2,4,6 digit)",HS_A_0020,HS MFN - Maximum  ad valorem duty,840,United States of America,,,HS,Harmonized System,40,Rubber and articles thereof,A,Annual,A,Annual,PCT,Percent,2022,,,,14
TPA_MFN_HS,"MFN by detailed HS codes (2,4,6 digit)",HS_A_0020,HS MFN - Maximum  ad valorem duty,840,United States of America,,,HS,Harmonized System,40,Rubber and articles thereof,A,Annual,A,Annual,PCT,Percent,2023,,,,14
TPA_MFN_HS,"MFN by detailed HS codes (2,4,6 digit)",HS_A_0020,HS MFN - Maximum  ad valorem duty,840,United States of America,,,HS,Harmonized System,40,Rubber and articles thereof,A,Annual,A,Annual,PCT,Percent,2018,,,,14
TPA_MFN_HS,"MFN by detailed HS codes (2,4,6 digit)",HS_A_0020,HS MFN - Maximum  ad valorem duty,840,United States of America,,,HS,Harmonized System,41,Raw hides and skins (other than furskins) and leather,A,Annual,A,Annual,PCT,Percent,2019,,,,5
TPA_MFN_HS,"MFN by detailed HS codes (2,4,6 digit)",HS_A_0020,HS MFN - Maximum  ad valorem duty,840,United States of America,,,HS,Harmonized System,41,Raw hides and skins (other than furskins) and leather,A,Annual,A,Annual,PCT,Percent,2021,,,,5
TPA_MFN_HS,"MFN by detailed HS codes (2,4,6 digit)",HS_A_0020,HS MFN - Maximum  ad valorem duty,840,United States of America,,,HS,Harmonized System,41,Raw hides and skins (other than furskins) and leather,A,Annual,A,Annual,PCT,Percent,2020,,,,5
TPA_MFN_HS,"MFN by detailed HS codes (2,4,6 digit)",HS_A_0020,HS MFN - Maximum  ad valorem duty,840,United States of America,,,HS,Harmonized System,41,Raw hides and skins (other than furskins) and leather,A,Annual,A,Annual,PCT,Percent,2022,,,,5
TPA_MFN_HS,"MFN by detailed HS codes (2,4,6 digit)",HS_A_0020,HS MFN - Maximum  ad valorem duty,840,United States of America,,,HS,Harmonized System,41,Raw hides and skins (other than furskins) and leather,A,Annual,A,Annual,PCT,Percent,2023,,,,5
TPA_MFN_HS,"MFN by detailed HS codes (2,4,6 digit)",HS_A_0020,HS MFN - Maximum  ad valorem duty,840,United States of America,,,HS,Harmonized System,41,Raw hides and skins (other than furskins) and leather,A,Annual,A,Annual,PCT,Percent,2018,,,,5
TPA_MFN_HS,"MFN by detailed HS codes (2,4,6 digit)",HS_A_0020,HS MFN - Maximum  ad valorem duty,840,United States of America,,,HS,Harmonized System,38,Miscellaneous chemical products,A,Annual,A,Annual,PCT,Percent,2021,,,,7
TPA_MFN_HS,"MFN by detailed HS codes (2,4,6 digit)",HS_A_0020,HS MFN - Maximum  ad valorem duty,840,United States of America,,,HS,Harmonized System,38,Miscellaneous chemical products,A,Annual,A,Annual,PCT,Percent,2022,,,,7
TPA_MFN_HS,"MFN by detailed HS codes (2,4,6 digit)",HS_A_0020,HS MFN - Maximum  ad valorem duty,840,United States of America,,,HS,Harmonized System,38,Miscellaneous chemical products,A,Annual,A,Annual,PCT,Percent,2023,,,,7
TPA_MFN_HS,"MFN by detailed HS codes (2,4,6 digit)",HS_A_0020,HS MFN - Maximum  ad valorem duty,840,United States of America,,,HS,Harmonized System,38,Miscellaneous chemical products,A,Annual,A,Annual,PCT,Percent,2018,,,,7
TPA_MFN_HS,"MFN by detailed HS codes (2,4,6 digit)",HS_A_0020,HS MFN - Maximum  ad valorem duty,840,United States of America,,,HS,Harmonized System,38,Miscellaneous chemical products,A,Annual,A,Annual,PCT,Percent,2019,,,,7
TPA_MFN_HS,"MFN by detailed HS codes (2,4,6 digit)",HS_A_0020,HS MFN - Maximum  ad valorem duty,840,United States of America,,,HS,Harmonized System,38,Miscellaneous chemical products,A,Annual,A,Annual,PCT,Percent,2020,,,,7
TPA_MFN_HS,"MFN by detailed HS codes (2,4,6 digit)",HS_A_0020,HS MFN - Maximum  ad valorem duty,840,United States of America,,,HS,Harmonized System,46,"Manufactures of straw, of esparto or of other plaiting materials; basketware and wickerwork",A,Annual,A,Annual,PCT,Percent,2019,,,,18
TPA_MFN_HS,"MFN by detailed HS codes (2,4,6 digit)",HS_A_0020,HS MFN - Maximum  ad valorem duty,840,United States of America,,,HS,Harmonized System,46,"Manufactures of straw, of esparto or of other plaiting materials; basketware and wickerwork",A,Annual,A,Annual,PCT,Percent,2021,,,,18
TPA_MFN_HS,"MFN by detailed HS codes (2,4,6 digit)",HS_A_0020,HS MFN - Maximum  ad valorem duty,840,United States of America,,,HS,Harmonized System,46,"Manufactures of straw, of esparto or of other plaiting materials; basketware and wickerwork",A,Annual,A,Annual,PCT,Percent,2022,,,,18
TPA_MFN_HS,"MFN by detailed HS codes (2,4,6 digit)",HS_A_0020,HS MFN - Maximum  ad valorem duty,840,United States of America,,,HS,Harmonized System,46,"Manufactures of straw, of esparto or of other plaiting materials; basketware and wickerwork",A,Annual,A,Annual,PCT,Percent,2023,,,,18
TPA_MFN_HS,"MFN by detailed HS codes (2,4,6 digit)",HS_A_0020,HS MFN - Maximum  ad valorem duty,840,United States of America,,,HS,Harmonized System,46,"Manufactures of straw, of esparto or of other plaiting materials; basketware and wickerwork",A,Annual,A,Annual,PCT,Percent,2018,,,,18
TPA_MFN_HS,"MFN by detailed HS codes (2,4,6 digit)",HS_A_0020,HS MFN - Maximum  ad valorem duty,840,United States of America,,,HS,Harmonized System,46,"Manufactures of straw, of esparto or of other plaiting materials; basketware and wickerwork",A,Annual,A,Annual,PCT,Percent,2020,,,,18
TPA_MFN_HS,"MFN by detailed HS codes (2,4,6 digit)",HS_A_0020,HS MFN - Maximum  ad valorem duty,840,United States of America,,,HS,Harmonized System,42,"Articles of leather; saddlery and harness; travel goods, handbags and similar containers; articles of animal gut (other than silkworm gut)",A,Annual,A,Annual,PCT,Percent,2019,,,,20
TPA_MFN_HS,"MFN by detailed HS codes (2,4,6 digit)",HS_A_0020,HS MFN - Maximum  ad valorem duty,840,United States of America,,,HS,Harmonized System,42,"Articles of leather; saddlery and harness; travel goods, handbags and similar containers; articles of animal gut (other than silkworm gut)",A,Annual,A,Annual,PCT,Percent,2021,,,,20
TPA_MFN_HS,"MFN by detailed HS codes (2,4,6 digit)",HS_A_0020,HS MFN - Maximum  ad valorem duty,840,United States of America,,,HS,Harmonized System,42,"Articles of leather; saddlery and harness; travel goods, handbags and similar containers; articles of animal gut (other than silkworm gut)",A,Annual,A,Annual,PCT,Percent,2020,,,,20
TPA_MFN_HS,"MFN by detailed HS codes (2,4,6 digit)",HS_A_0020,HS MFN - Maximum  ad valorem duty,840,United States of America,,,HS,Harmonized System,42,"Articles of leather; saddlery and harness; travel goods, handbags and similar containers; articles of animal gut (other than silkworm gut)",A,Annual,A,Annual,PCT,Percent,2022,,,,20
TPA_MFN_HS,"MFN by detailed HS codes (2,4,6 digit)",HS_A_0020,HS MFN - Maximum  ad valorem duty,840,United States of America,,,HS,Harmonized System,42,"Articles of leather; saddlery and harness; travel goods, handbags and similar containers; articles of animal gut (other than silkworm gut)",A,Annual,A,Annual,PCT,Percent,2023,,,,20
TPA_MFN_HS,"MFN by detailed HS codes (2,4,6 digit)",HS_A_0020,HS MFN - Maximum  ad valorem duty,840,United States of America,,,HS,Harmonized System,42,"Articles of leather; saddlery and harness; travel goods, handbags and similar containers; articles of animal gut (other than silkworm gut)",A,Annual,A,Annual,PCT,Percent,2018,,,,20
TPA_MFN_HS,"MFN by detailed HS codes (2,4,6 digit)",HS_A_0020,HS MFN - Maximum  ad valorem duty,840,United States of America,,,HS,Harmonized System,44,Wood and articles of wood; wood charcoal,A,Annual,A,Annual,PCT,Percent,2019,,,,11
TPA_MFN_HS,"MFN by detailed HS codes (2,4,6 digit)",HS_A_0020,HS MFN - Maximum  ad valorem duty,840,United States of America,,,HS,Harmonized System,44,Wood and articles of wood; wood charcoal,A,Annual,A,Annual,PCT,Percent,2020,,,,11